code_m,name_m,code_s,name_s,code_ss,name_ss
50000167,여성의류,50000805,니트/스웨터,,
,,50000806,카디건,,
,,50000807,원피스,,
,,50000803,티셔츠,,
,,50000804,블라우스/셔츠,,
,,50000814,점퍼,,
,,50000815,재킷,,
,,50000813,코트,,
,,50000809,청바지,,
,,50000808,스커트,,
,,50000812,레깅스,,
,,50000810,바지,,
,,50000818,트레이닝복,,
,,50000817,조끼,,
,,50000816,정장세트,,
,,50000819,한복,,
,,50000821,유니폼/단체복,,
,,50000820,파티복,,
,,50000822,레인코트,,
,,50000811,점프슈트,,
,,50000778,코디세트,,
,,50000999,여성수영복,,
,,50001000,비치웨어,,
50000168,여성언더웨어/잠옷,50000823,브라,,
,,50000824,팬티,,
,,50000825,브라팬티세트,,
,,50001452,보정속옷,50003624,니퍼/복대
,,,,50003625,코르셋
,,,,50003626,올인원/바디쉐이퍼
,,,,50003627,거들
,,,,50003630,보정속옷세트
,,,,50003631,기타보정속옷
,,50000826,잠옷/홈웨어,,
,,50000827,슬립,,
,,50000828,러닝/캐미솔,,
,,50000829,속치마/속바지,,
,,50001453,시즌성내의,50003632,내복
,,,,50003634,힙워머
,,,,50003635,모시메리
,,50001454,언더웨어소품,50003636,가터벨트
,,,,50003637,브라끈
,,,,50003638,브라패드
,,,,50003639,땀패드
,,,,50003816,기타언더웨어소품
50000169,남성의류,50000831,니트/스웨터,,
,,50000830,티셔츠,,
,,50000833,셔츠/남방,,
,,50000832,카디건,,
,,50000837,점퍼,,
,,50000838,재킷,,
,,50000839,코트,,
,,50000835,청바지,,
,,50000836,바지,,
,,50000834,조끼,,
,,50000840,정장세트,,
,,50000841,트레이닝복,,
,,50000842,한복,,
,,50000843,유니폼/단체복,,
,,50000844,레인코트,,
,,50006328,코디세트,,
,,50000998,남성수영복,,
,,50001000,비치웨어,,
50000170,남성언더웨어/잠옷,50000845,팬티,,
,,50000846,러닝,,
,,50000847,러닝팬티세트,,
,,50000848,잠옷/홈웨어,,
,,50001455,보정속옷,50003804,보정상의
,,,,50003805,보정하의
,,,,50003807,복대
,,50001456,시즌성내의,50003808,내복
,,,,50003810,모시메리
50000173,여성신발,50001459,단화,50003817,플랫
,,,,50003818,로퍼
,,,,50003819,옥스포드화
,,,,50003820,모카신/털신
,,,,50003821,슬립온
,,,,50003822,스니커즈
,,50001460,힐/펌프스,50003823,하이힐
,,,,50003824,가보시힐
,,,,50003825,스트랩힐
,,,,50003826,슬링백힐
,,,,50003827,웨지힐
,,,,50003828,토오픈힐
,,,,50003829,통굽힐
,,,,50003830,펌프스
,,,,50003831,웨딩슈즈
,,50001461,워커,50003832,플랫워커
,,,,50003833,워커힐
,,50000779,부티,,
,,50001463,운동화,50003835,러닝화
,,,,50003836,보드화
,,,,50003837,하이탑
,,,,50003838,아쿠아슈즈
,,,,50003839,워킹화
,,,,50003840,캔버스화
,,50001464,샌들,50003841,슬링백샌들
,,,,50003842,스트랩샌들
,,,,50003843,웨지힐샌들
,,,,50003844,글래디에이터샌들
,,,,50003845,젤리샌들
,,,,50003846,아쿠아샌들
,,,,50003847,뮬/블로퍼
,,50000780,슬리퍼,,
,,50000781,실내화,,
,,50001465,기능화,50003848,유니폼화
,,,,50003849,작업화/안전화
,,,,50003850,컴포트화
,,,,50003851,한복신발
,,,,50003852,다이어트화
,,,,50003853,댄스화
,,50001462,부츠,50003834,롱부츠
,,,,50004190,미들부츠
,,,,50004191,앵클/숏부츠
50000174,남성신발,50000783,슬립온,,
,,50000784,모카신/털신,,
,,50000785,보트슈즈,,
,,50000788,스니커즈,,
,,50000789,샌들,,
,,50000790,슬리퍼,,
,,50000791,워커,,
,,50000792,부츠,,
,,50000665,웰트화,,
,,50000666,실내화,,
,,50001466,운동화,50003854,러닝화
,,,,50003855,보드화
,,,,50003856,하이탑
,,,,50003857,아쿠아슈즈
,,,,50003858,워킹화
,,,,50003859,캔버스화
,,50001467,기능화,50003860,작업화/안전화
,,,,50003861,컴포트화
,,,,50003862,한복신발
,,,,50003863,댄스화
,,50000787,구두,,
50000179,지갑,50001471,여성지갑,50003982,반지갑
,,,,50003983,중지갑
,,,,50003984,장지갑
,,50001472,남성지갑,50003985,반지갑
,,50000661,머니클립,50003986,중지갑
,,50000662,카드/명함지갑,50003987,장지갑
,,50000663,열쇠지갑,,
,,50000664,동전지갑,,
,,50000537,통장지갑,,
,,50000538,지갑기타세트,,
50000178,여행용가방/소품,50007808,기내용 캐리어,,
,,50007948,중대형 캐리어,,
,,50000653,보스턴가방,,
,,50000654,복대,,
,,50000655,이민/유학용가방,,
,,50000656,슈트케이스,,
,,50000657,여권지갑/케이스,,
,,50000658,여행소품케이스,,
,,50000659,네임태그,,
,,50000660,잠금벨트/자물쇠,,
,,50006908,캐리어커버,,
,,50005464,캐리어소품,,
50000175,신발용품,50000667,신발깔창,,
,,50000668,신발끈,,
,,50000669,보호쿠션/패드,,
,,50000670,부츠키퍼,,
,,50000671,구둣주걱,,
,,50006909,슈즈커버,,
,,50000672,기타신발용품,,
50000176,여성가방,50000644,백팩,,
,,50000641,크로스백,,
,,50000639,숄더백,,
,,50000640,토트백,,
,,50000643,파우치,,
,,50000642,클러치백,,
,,50000645,힙색,,
,,50001468,가방소품,50003976,가방걸이
,,,,50003977,가방끈
50000177,남성가방,50000651,백팩,,
,,50000648,크로스백,,
,,50000646,숄더백,,
,,50000647,토트백,,
,,50000650,브리프케이스,,
,,50000649,클러치백,,
,,50000652,힙색,,
50000184,헤어액세서리,50001478,가발,50004008,남성가발
,,,,50004009,여성가발
,,50000560,헤어밴드,,
,,50000561,헤어핀,,
,,50000562,헤어끈,,
,,50000563,헤어액세서리소품,,
50000181,모자,50001475,스냅백,50003992,일반캡
,,,,50003993,메시캡
,,50006868,베레모,,
,,50001474,야구모자,50003990,일반캡
,,,,50003991,메시캡
,,50000541,군모,,
,,50000543,비니,,
,,50000548,귀달이모자,,
,,50000549,방울털모자,,
,,50000550,귀마개,,
,,50000547,헌팅캡,,
,,50000544,페도라,,
,,50000545,두건/반다나,,
,,50000546,사파리모자,,
,,50000542,선캡,,
50000185,패션소품,50001479,스카프,50004010,롱
,,,,50004011,쁘띠/미니
,,50001480,손수건,50004012,남성용
,,,,50004013,여성용
,,50001481,넥타이,50004014,기본넥타이
,,50000564,커프스,50004015,나비넥타이
,,50000565,머플러,50004016,넥타이핀
,,50000566,넥워머,,
,,50000567,숄,,
,,50000568,넥케이프,,
,,50000569,행커치프,,
,,50001482,우산,50004017,수동우산
,,,,50004018,자동우산
,,50001483,양산,50004019,수동양산
,,,,50004020,자동양산
,,50001484,스타킹,50004021,발목스타킹
,,,,50004022,판타롱스타킹
,,,,50004023,밴드스타킹
,,,,50004024,팬티스타킹
,,,,50004025,압박보정스타킹
,,,,50004026,스프레이스타킹
,,50001485,브로치,50004027,보석브로치
,,,,50004028,패션브로치
,,,,50004029,카네이션브로치
,,50000571,부채,,
,,50000572,와펜,,
,,50000573,코르사주,,
,,50000574,한복소품,,
,,50001486,라이터/담배용품,50004137,라이터
,,,,50004138,담배케이스
,,,,50004139,기타담배용품
,,50000570,키홀더,,
,,50000434,기타패션소품,,
50000189,주얼리,50001489,반지,50004148,다이아몬드반지
,,,,50004149,14K반지
,,,,50004150,18K반지
,,,,50004151,순금반지
,,,,50004152,은반지
,,,,50004153,유색보석반지
,,,,50004154,진주반지
,,,,50004155,패션반지
,,,,50004156,이니셜반지
,,,,50006870,반지만들기
,,50001490,귀걸이,50004157,다이아몬드귀걸이
,,,,50004158,14K귀걸이
,,,,50004159,18K귀걸이
,,,,50004160,순금귀걸이
,,,,50004161,은귀걸이
,,,,50004162,유색보석귀걸이
,,,,50004163,진주귀걸이
,,,,50004164,패션귀걸이
,,,,50004165,이니셜귀걸이
,,,,50004166,피어싱
,,,,50006873,귀걸이만들기
,,50001491,목걸이,50004167,다이아몬드목걸이
,,,,50004168,14K목걸이
,,,,50004169,18K목걸이
,,,,50004170,순금목걸이
,,,,50004171,은목걸이
,,,,50004172,유색보석목걸이
,,,,50004173,진주목걸이
,,,,50004174,패션목걸이
,,,,50004175,이니셜목걸이
,,,,50006871,목걸이만들기
,,50001492,펜던트,50004176,금펜던트
,,,,50004177,은펜던트
,,,,50004179,패션펜던트
,,,,50004178,유색보석펜던트
,,,,50006170,순금펜던트
,,50001493,주얼리세트,50004180,다이아몬드세트
,,,,50004181,14K세트
,,,,50004182,18K세트
,,,,50004183,은세트
,,,,50004184,유색보석세트
,,,,50004185,진주세트
,,,,50004186,패션주얼리세트
,,,,50006171,순금주얼리세트
,,50001494,주얼리소품,50004187,보관함/케이스
,,,,50004188,진열대
,,,,50004189,세척용품
,,,,50006910,기타주얼리소품
,,50001495,팔찌,50004192,금팔찌
,,,,50004193,은팔찌
,,,,50004194,패션팔찌
,,,,50006169,순금팔찌
,,,,50006872,팔찌만들기
,,50006174,발찌,50006175,패션발찌
,,,,50006176,순금발찌
50000188,순금,50000432,골드바,,
,,50006911,실버바,,
,,50000433,순금기념품,,
50000182,장갑,50000551,여성장갑,,
,,50000552,남성장갑,,
,,50000553,암워머/토시,,
50000180,벨트,50000539,여성벨트,,
,,50001473,남성벨트,50003988,정장벨트
,,,,50003989,캐주얼벨트
,,50000540,멜빵,,
50000166,양말,50001476,여성양말,50003994,덧신
,,,,50003995,발목양말
,,,,50003996,중목/장목양말
,,,,50003997,니삭스
,,,,50003998,스포츠양말
,,,,50003999,발가락양말
,,,,50004000,수면양말
,,,,50004001,레그워머
,,50001477,남성양말,50004002,발목양말
,,,,50004003,중목/장목양말
,,,,50004004,스포츠양말
,,,,50004005,발가락양말
,,,,50004006,수면양말
,,,,50004007,레그워머
50000183,선글라스/안경테,50000554,선글라스,,
,,50000555,선글라스 케이스/소품,,
,,50000556,안경테,,
,,50000557,안경케이스,,
,,50000558,안경소품,,
,,50000559,안경줄,,
50000186,시계,50000425,커플시계,,
,,50000426,아동시계,,
,,50000435,시계수리용품,,
,,50001487,패션시계,50004140,가죽밴드시계
,,,,50004141,메탈밴드시계
,,,,50004142,금시계
,,,,50004143,뱅글/팔찌형시계
,,,,50004144,젤리/우레탄밴드시계
,,,,50006188,기타밴드시계
,,,,50004145,회중시계
,,,,50005245,스톱워치
,,50001488,시계소품,50004146,시계줄
,,,,50004147,시계보관함
,,,,50006913,보호필름
50000190,스킨케어,50000437,스킨/토너,,
,,50000438,로션,,
,,50000439,에센스,,
,,50000440,크림,,
,,50000441,아이케어,,
,,50000442,미스트,,
,,50000443,페이스오일,,
,,50000444,화장품세트,,
,,50000342,넥케어,,
50000191,선케어,50000445,선크림,,
,,50000446,선스프레이,,
,,50000447,선스틱,,
,,50000448,선파우더/쿠션,,
,,50001496,태닝,50004195,태닝스프레이
,,,,50004403,태닝오일
,,,,50004404,태닝크림
,,,,50004641,태닝티슈
,,50000449,애프터선,,
,,50000450,선케어세트,,
50000192,클렌징,50000451,클렌징폼,,
,,50000452,클렌징오일,,
,,50000453,클렌징크림,,
,,50000454,클렌징로션,,
,,50000455,클렌징젤,,
,,50000456,클렌징워터,,
,,50000457,클렌징티슈,,
,,50000458,클렌징비누,,
,,50000459,클렌징파우더,,
,,50000460,립앤아이리무버,,
,,50000461,스크럽/필링,,
,,50000462,클렌징세트,,
50000194,베이스메이크업,50000470,BB크림,,
,,50000471,CC크림,,
,,50000472,프라이머,,
,,50000345,메이크업베이스,,
,,50001369,파우더,50004196,루스파우더
,,,,50004580,팩트파우더
,,50000346,트윈케이크,,
,,50001370,파운데이션,50004197,리퀴드형
,,,,50004581,스틱형
,,,,50004582,크림형
,,,,50005288,쿠션형
,,50000347,컨실러,,
,,50000390,베이스메이크업세트,,
50000195,색조메이크업,50000391,립스틱,,
,,50000392,립케어,,
,,50000393,립글로스,,
,,50000394,립틴트,,
,,50000395,립라이너,,
,,50000396,아이섀도,,
,,50001371,아이라이너,50004377,리퀴드형
,,,,50004583,젤형
,,,,50004584,펜슬형
,,50000397,마스카라,,
,,50000398,아이브로,,
,,50000399,블러셔,,
,,50000400,하이라이터,,
,,50000401,색조메이크업세트,,
50000201,뷰티소품,50000319,화장품케이스,,
,,50005289,DIY화장품재료,,
,,50001373,아이소품,50004379,뷰러
,,,,50004380,속눈썹
,,,,50004381,쌍꺼풀
,,,,50004382,눈썹칼
,,,,50004383,눈썹가위
,,,,50004384,족집게
,,,,50004385,샤프너
,,,,50004386,기타아이소품
,,50001374,페이스소품,50004387,기름종이
,,,,50004388,화장솜
,,,,50004389,퍼프
,,,,50004586,면봉
,,,,50004391,마사지도구
,,,,50004392,세안도구
,,,,50004393,코털제거기
,,,,50004394,피지/각질제거기
,,,,50004395,기타페이스소품
,,50001375,헤어소품,50004396,헤어브러시
,,,,50005097,에어브러시
,,,,50005098,드라이어
,,,,50005099,고데기
,,,,50005100,매직기
,,,,50004397,미용가위
,,,,50004398,헤어롤
,,,,50005101,롤셋
,,,,50004399,세안밴드
,,,,50005102,가발
,,,,50005103,헤어핀
,,,,50005104,헤어끈
,,,,50004400,헤어캡
,,,,50004401,기타헤어소품
,,50000316,바디소품,,
,,50001376,메이크업브러시,50004402,립브러시
,,,,50004587,아이브러시
,,,,50004588,페이스브러시
,,,,50004589,브러시세트
,,50005105,거울,,
,,50000317,타투,,
,,50005106,피부케어기기,,
50000193,마스크/팩,50000463,마스크시트,,
,,50000464,필오프팩,,
,,50000465,워시오프팩,,
,,50000466,코팩,,
,,50000467,수면팩,,
,,50000468,마사지크림/젤,,
,,50000469,마스크/팩세트,,
50000196,네일케어,50000402,매니큐어,,
,,50000403,네일아트,,
,,50000404,네일영양제,,
,,50000405,네일리무버,,
,,50000406,네일케어도구,,
,,50005092,손발톱정리기,,
,,50000407,네일케어세트,,
50000200,향수,50000312,여성향수,,
,,50000313,남성향수,,
,,50000314,남녀공용향수,,
,,50000315,향수세트,,
50000197,바디케어,50000408,바디로션,,
,,50000281,바디크림,,
,,50000282,바디오일,,
,,50000283,바디미스트,,
,,50000284,바디파우더,,
,,50000285,바디클렌저,,
,,50000286,바디스크럽,,
,,50000287,여성청결제,,
,,50000288,목욕비누,,
,,50000289,핸드케어,,
,,50000290,풋케어,,
,,50005093,파라핀용품,,
,,50000291,입욕제,,
,,50000292,아로마테라피,,
,,50000293,데오드란트,,
,,50000294,제모제,,
,,50005094,제모기,,
,,50000295,바디슬리밍,,
,,50000296,바디케어세트,,
,,50005287,샤워코롱,,
50000198,헤어케어,50000297,샴푸,,
,,50000298,린스,,
,,50000299,트리트먼트,,
,,50000300,헤어에센스,,
,,50000301,헤어팩,,
,,50000302,헤어미스트,,
,,50000303,두피케어,,
,,50005095,두피케어기기,,
,,50000304,탈모케어,,
,,50000305,헤어케어세트,,
50000199,헤어스타일링,50000306,헤어왁스,,
,,50000307,헤어스프레이,,
,,50000308,헤어무스,,
,,50000309,헤어젤,,
,,50000310,헤어글레이즈,,
,,50000311,염색약,,
,,50001372,파마약,50004378,스트레이트
,,,,50004585,웨이브
50000202,남성화장품,50000321,스킨,,
,,50000322,로션,,
,,50000323,에센스,,
,,50000324,크림,,
,,50000325,아이케어,,
,,50000326,올인원,,
,,50000327,선크림,,
,,50000328,클렌징,,
,,50000329,스크럽/필링,,
,,50000330,마스크/팩,,
,,50000331,메이크업,,
,,50000332,쉐이빙폼,,
,,50000333,남성청결제,,
,,50000334,남성화장품세트,,
50000204,휴대폰,50000246,SKT,,
,,50000247,KT,,
,,50000248,LG U+,,
,,50000249,공기계/중고폰,,
,,50001519,자급제폰,,
,,50000250,해외출시폰,,
,,50000251,MVNO,,
,,50001520,선불폰,,
50000205,휴대폰 액세서리,50001377,휴대폰 케이스,50004590,가죽케이스
,,,,50004591,실리콘케이스
,,,,50004592,플라스틱케이스
,,,,50004593,메탈케이스
,,,,50006839,암밴드
,,,,50004594,기타케이스
,,50001378,휴대폰 보호필름,50004595,액정보호필름
,,,,50004596,전신보호필름
,,,,50004597,휴대폰스킨
,,,,50004598,홈버튼스티커
,,,,50004599,액정코팅제
,,50001379,휴대폰 충전기,50004600,충전기
,,,,50004601,크래들
,,50001380,휴대폰 배터리,50004602,전용배터리
,,,,50004603,보조배터리
,,50000252,휴대폰 케이블,,
,,50000253,휴대폰 젠더,,
,,50000254,휴대폰 렌즈,,
,,50000255,휴대폰 거치대,,
,,50006369,짐벌,,
,,50006370,셀카봉,,
,,50000256,휴대폰 줄,,
,,50000257,휴대폰 이어캡,,
,,50000259,핸드셋,,
,,50000261,휴대폰 DMB 수신기,,
,,50000262,웨어러블 디바이스,,
,,50006371,웨어러블 디바이스 액세서리,,
,,50000263,휴대폰 쿨링패드,,
,,50000264,기타 휴대폰 액세서리,,
,,50005107,휴대폰 메모리,,
,,50005108,메모리 리더기,,
50000206,카메라/캠코더용품,50000265,DSLR카메라,,
,,50000266,미러리스디카,,
,,50000267,일반디카,,
,,50000268,캠코더,,
,,50001381,카메라렌즈,50004604,표준렌즈
,,,,50004605,광각렌즈
,,,,50004606,망원렌즈
,,,,50004607,어안렌즈
,,,,50004608,컨버젼렌즈
,,50001382,렌즈용품,50004609,렌즈필터
,,,,50004610,렌즈어댑터
,,,,50004611,렌즈캡
,,,,50004612,렌즈후드
,,,,50004613,텔레컨버터
,,,,50004614,렌즈/필터케이스
,,,,50004615,핀홀/기타렌즈용품
,,50001383,즉석카메라,50004616,즉석카메라
,,,,50004617,즉석필름
,,,,50004618,즉석카메라액세서리
,,,,50005111,폴라로이드앨범
,,,,50005112,데코펜
,,,,50005113,데코스티커
,,50001384,필름카메라,50004619,SLR카메라
,,,,50004620,자동카메라
,,,,50004621,로모카메라
,,,,50004622,토이카메라
,,,,50004623,일회용카메라
,,50001385,메모리카드,50004624,MicroSD메모리
,,,,50004625,SD메모리
,,,,50004626,CF메모리
,,,,50004627,메모리스틱
,,,,50004628,XQD메모리
,,,,50004629,기타메모리
,,50001386,카드리더기,50004630,멀티리더기
,,,,50004631,전용리더기
,,,,50004632,메모리어댑터
,,50001387,카메라가방/케이스,50004633,전용케이스
,,,,50004634,일반형가방
,,,,50004635,배낭형케이스
,,,,50004636,방수케이스
,,,,50004637,기타카메라가방/케이스
,,,,50004638,가방용품
,,50001388,카메라스트랩/그립,50004639,넥스트랩
,,,,50004640,핸드그립
,,,,50002073,핸드스트랩
,,50001389,삼각대/헤드,50002074,삼각대
,,,,50002075,모노포드
,,,,50002076,헤드
,,,,50002077,플레이트/퀵슈
,,,,50002078,삼각대가방/스트랩
,,,,50002079,삼각대액세서리
,,50001390,플래시/조명용품,50002080,플래시
,,,,50002081,라이트
,,,,50002082,조명/노출용품
,,50001391,충전기/배터리,50002083,전용정품충전기
,,,,50002084,전용호환충전기
,,,,50002085,전용정품배터리
,,,,50002086,전용호환배터리
,,,,50002087,배터리그립
,,,,50002088,범용충전기
,,,,50002089,범용충전지
,,,,50005114,일회용건전지
,,50001392,LCD용품/보호필름,50002090,LCD보호필름
,,,,50002091,LCD보호커버
,,,,50002092,LCD후드
,,,,50002093,외부보호필름/스티커
,,50001393,필름/관련용품,50002094,35mm필름
,,,,50002095,중형필름
,,,,50004617,즉석필름
,,,,50002096,암실/현상용품
,,,,50002097,기타필름/관련용품
,,50001394,카메라/캠코더 관련용품,50002098,리모컨/릴리즈
,,,,50002099,수평계
,,,,50002100,촬영보조용품
,,,,50002101,GPS/무선송수신
,,,,50002102,카메라/캠코더용마이크
,,,,50002103,아이피스
,,,,50002104,파인더
,,,,50002105,포커싱스크린
,,,,50002106,핫슈커버
,,,,50002107,라이트박스
,,,,50002108,루페
,,,,50002109,소프트버튼
,,,,50002110,카메라제습용품
,,,,50002111,카메라보관함
,,,,50002112,청소용품
,,,,50002113,기타카메라/캠코더용품
,,50007073,액션캠,,
50000207,광학기기/용품,50002009,망원경,,
,,50002010,쌍안경,,
,,50002011,천체망원경,,
,,50002012,현미경,,
,,50002013,광학용품액세서리,,
50000208,영상가전,50001395,TV,50002114,LEDTV
,,,,50002115,OLEDTV
,,,,50007188,QLEDTV
,,,,50002116,LCDTV
,,,,50002117,PDPTV
,,,,50002118,브라운관TV
,,50001396,영상가전액세서리,50002119,3D입체안경
,,,,50002120,AV분배기
,,,,50002121,AV선택기
,,,,50002122,AV셀렉터
,,,,50002123,AV젠더
,,,,50002124,AV케이블
,,,,50002125,리모컨
,,,,50002126,브라켓
,,,,50002127,방진용품
,,,,50002128,스탠드
,,,,50002129,안테나
,,,,50002130,TV셋톱박스
,,,,50002131,TV전용키보드
,,,,50002132,TV카메라
,,,,50005246,기타액세서리
,,50001397,프로젝터,50002133,DLP
,,,,50002134,LCD
,,,,50002135,LCoS/기타
,,50001398,프로젝터주변기기,50002136,프로젝터스크린
,,,,50002137,프로젝터램프
,,,,50002138,기타프로젝터주변기기
,,50001399,영상플레이어,50002139,퍼스널뷰어
,,,,50002140,블루레이플레이어
,,,,50002141,DVD플레이어
,,,,50002142,DVD레코더
,,,,50002143,DVD콤보
,,,,50002144,포터블DVD
,,50002014,디지털액자,,
,,50007071,사이니지 모니터,,
50000212,계절가전,50001429,전기장판/담요/방석,50002555,전기장판
,,,,50002556,전기담요
,,,,50002557,전기방석
,,50001428,전기매트,50002550,온수매트
,,,,50002551,황토매트
,,,,50002552,카페트매트
,,,,50002553,옥매트
,,,,50002554,기타전기매트
,,,,50005122,전기매트커버
,,50001852,전기히터,,
,,50001422,온풍기,50002528,전기온풍기
,,,,50002529,가스온풍기
,,,,50002530,석유온풍기
,,,,50002531,열풍기
,,,,50002532,돈풍기
,,50006835,컨벡터,,
,,50001853,라디에이터,,
,,50001851,냉온풍기,,
,,50001425,가습기,50002538,자연식가습기
,,,,50002539,가열식가습기
,,,,50002540,초음파식가습기
,,,,50002541,복합식가습기
,,,,50006848,USB가습기
,,,,50002542,가습기필터
,,,,50005121,가습기세정제
,,50001424,보일러,50002535,가스보일러
,,,,50002536,석유보일러
,,,,50002537,전기보일러
,,50001423,순간온수기,50002533,전기온수기
,,,,50002534,가스온수기
,,50001426,공기정화기,50002543,공기청정기
,,,,50006201,에어워셔
,,,,50002544,산림욕기
,,,,50002545,서큘레이터
,,,,50002546,환풍기
,,,,50002547,공기정화기필터
,,50001421,에어컨,50002521,스탠드형에어컨
,,,,50002522,벽걸이형에어컨
,,,,50002523,멀티형에어컨
,,,,50002524,창문형에어컨
,,,,50003207,천장형에어컨
,,,,50002525,업소형에어컨
,,,,50002526,시스템에어컨
,,,,50002527,이동식에어컨
,,,,50005119,에어컨세정제
,,,,50005120,에어컨커버
,,50006834,에어컨주변기기,50006836,에어컨 리모콘
,,,,50006837,에어컨 실외기
,,,,50006838,기타 액세서리
,,50001420,선풍기,50002513,스탠드형선풍기
,,,,50002514,벽걸이형선풍기
,,,,50002515,타워형선풍기
,,,,50002516,천장형선풍기
,,,,50002517,탁상형선풍기
,,,,50002518,휴대용선풍기
,,,,50002778,usb선풍기
,,,,50002519,업소용선풍기
,,,,50005117,차량용선풍기
,,,,50005118,선풍기커버
,,,,50007231,선풍기부속품
,,50001419,냉풍기,50002511,일반용냉풍기
,,,,50002512,업소용냉풍기
,,50001427,제습기,50002548,일반용제습기
,,,,50002549,업소용제습기
,,50001521,에어커튼,,
,,50006971,업소용냉온풍기,,
50000209,음향가전,50001400,홈시어터,50002145,단일형홈시어터
,,,,50002146,사운드바시스템
,,,,50002147,조합형홈시어터
,,50001401,오디오,50002317,휴대폰도킹스피커/오디오
,,,,50002318,일체형오디오
,,,,50002319,분리형오디오
,,,,50003154,오디오액세서리
,,50001963,데크,,
,,50001964,리시버/앰프,,
,,50001965,튜너,,
,,50001966,오디오믹서,,
,,50001967,턴테이블,,
,,50001968,방송음향기기,,
,,50001402,스피커,50002320,스피커단품
,,,,50002321,스피커세트
,,,,50007235,스피커액세서리
,,50001969,DAC,,
,,50001970,라디오,,
,,50001403,카세트플레이어,50002323,워크맨
,,,,50002324,일반카세트
,,,,50002325,CD카세트
,,,,50003155,카세트플레이어액세서리
,,50001971,CD플레이어,,
,,50001972,MD플레이어,,
,,50001404,마이크,50002326,일반마이크
,,,,50002327,무선마이크
,,,,50006972,전문가용마이크
,,,,50007217,확성기
,,,,50002328,마이크주변기기
,,50001973,노래반주기,,
,,50001974,MP3,,
,,50001975,PMP,,
,,50001405,MP3/PMP액세서리,50002329,배터리
,,,,50002330,보호필름
,,,,50002331,충전기
,,,,50002332,케이스
,,,,50002333,기타 MP3/PMP액세서리
,,50001406,블루투스셋,50002334,블루투스이어폰/이어셋
,,,,50002335,블루투스헤드폰/헤드셋
,,,,50002336,블루투스동글
,,50001976,이어폰,,
,,50001977,헤드폰,,
,,50001407,이어폰/헤드폰액세서리,50002337,케이스/파우치
,,,,50002338,캡/솜/팁
,,,,50002339,거치대
,,,,50002340,연장선/케이블
,,,,50002341,정리기
,,,,50002342,기타이어폰/헤드폰액세서리
50000210,생활가전,50001408,세탁기,50002343,일반세탁기
,,,,50002344,드럼세탁기
,,,,50002345,미니세탁기
,,,,50007508,세탁기부품
,,50001409,건조기/탈수기,50002346,의류건조기
,,,,50002347,신발건조기
,,,,50002348,탈수기
,,50007045,의류관리기,,
,,50001410,청소기,50002349,유선청소기
,,,,50002350,무선청소기
,,,,50006368,물걸레청소기
,,,,50002351,스팀청소기
,,,,50002352,로봇청소기
,,,,50002353,침구청소기
,,,,50007216,고압세척기
,,,,50002354,업소용청소기
,,,,50002355,청소기액세서리
,,50001411,다리미,50002356,스팀다리미
,,,,50002357,건식다리미
,,50001412,디지털도어록,50002358,보조키형
,,,,50002359,주키형
,,50001413,무전기,50002360,생활용무전기
,,,,50002361,업무용무전기
,,,,50002362,무전기액세서리
,,50001414,스탠드,50002363,LED스탠드
,,,,50002364,삼파장스탠드
,,,,50002365,오파장스탠드
,,,,50002366,일반스탠드
,,,,50002367,칠파장스탠드
,,50001978,재봉틀,,
,,50001415,전화기,50002368,유선전화기
,,,,50002369,무선전화기
,,,,50002370,유무선전화기
,,,,50003156,스마트홈폰/패드
,,,,50006963,사무용전화기
,,,,50007233,전화기주변기기
,,50001416,구강청정기,50002371,전동칫솔
,,,,50002372,전동칫솔모
,,,,50002373,구강세정기
,,,,50002374,칫솔살균기
,,50001979,보풀제거기,,
,,50001980,손소독기,,
,,50001981,자외선소독기,,
,,50001982,핸드드라이어,,
,,50001983,연수기,,
,,50001984,이온수기,,
,,50001985,해충퇴치기,,
,,50006964,업소용자외선소독기,,
,,50007070,전신건조기,,
50000211,이미용가전,50001417,면도기,50002375,남성용면도기
,,,,50002376,여성용면도기
,,50001418,면도기소모품,50002377,면도날/망
,,,,50002378,세정액
,,,,50002379,기타면도기소모품
,,50001986,드라이어,,
,,50001987,고데기,,
,,50001988,매직기,,
,,50001989,에어브러시,,
,,50001990,헤어롤/롤셋,,
,,50001991,코털제거기,,
,,50001992,눈썹정리기,,
,,50001993,손발톱정리기,,
,,50001994,두피케어기기,,
,,50001995,피부케어기기,,
,,50001996,제모기,,
,,50001997,이발기,,
,,50001864,기타 이미용가전,,
,,50001850,이미용가전 액세서리,,
50000214,자동차기기,50001188,블랙박스/액세서리,50002731,블랙박스
,,,,50002732,블랙박스 액세서리
,,50001189,내비게이션/액세서리,50002733,내비게이션
,,,,50002734,내비게이션 액세서리
,,,,50007237,HUD
,,50001190,하이패스/GPS,50002735,하이패스
,,,,50002736,차량용 GPS
,,,,50002737,하이패스 액세서리
,,50001191,전방/후방카메라,50002738,후방카메라
,,,,50002739,후방감지기
,,,,50002740,전방카메라
,,,,50002741,전방감지기
,,,,50002742,이동식카메라감지기
,,50001192,자동차TV/모니터,50002743,인대쉬형
,,,,50002744,거치형
,,,,50002745,천장형
,,,,50002746,헤드레스트형
,,,,50002747,기타차량용TV/모니터
,,50001193,카오디오 음향기기,50002748,스피커
,,,,50002749,우퍼
,,,,50002750,앰프
,,,,50002751,음향기기 기타
,,50001194,카팩,50002752,무선
,,,,50002753,유선
,,50001195,헤드유닛,50002754,CD/MP3플레이어
,,,,50002755,DVD플레이어
,,,,50002756,CD/DVD체인저
,,,,50002757,헤드유닛패키지
,,50001196,방음/방진용품,50002758,방음/방진/흡음
,,,,50002759,방청용품
,,,,50002760,실내원단
,,50001197,자동차 AV용품,50002761,노이즈필터
,,,,50002762,레벨미터
,,,,50002763,서랍장
,,,,50002764,전원보강용품
,,,,50002765,리모컨
,,,,50002766,기타자동차AV용품
,,50001727,핸즈프리,,
50000089,PC,50001737,브랜드 PC,,
,,50001738,조립/베어본 PC,,
,,50001739,서버/워크스테이션,,
50000151,노트북,,,,
50000097,PC부품,50001620,CPU,,
,,50001218,RAM,50003101,데스크탑용
,,,,50003102,노트북용
,,50001219,그래픽카드,50003103,AMD계열
,,,,50003104,NVIDIA계열
,,,,50003105,기타계열
,,,,50003106,그래픽카드 주변기기
,,50001220,메인보드,50003107,인텔CPU용
,,,,50003108,AMDCPU용
,,,,50003109,기타메인보드
,,50001621,PC케이스,,
,,50001221,파워서플라이,50003110,ATX파워
,,,,50003111,mATX파워
,,,,50003112,TFX파워
,,,,50003113,UPS
,,,,50003209,서버용파워
,,,,50003114,기타PC용파워
,,50001222,PC케이블,50003115,1394케이블
,,,,50003116,D-SUB케이블
,,,,50003117,DVI케이블
,,,,50003118,HDMI케이블
,,,,50003119,SATA케이블
,,,,50003120,USB케이블
,,,,50003121,광케이블
,,,,50003122,랜케이블
,,,,50003123,비디오케이블
,,,,50003124,오디오케이블
,,,,50003125,젠더
,,,,50003126,전원케이블
,,,,50003127,기타케이블
,,50001223,인터페이스카드,50003128,1394카드
,,,,50003129,RAID카드
,,,,50003130,SATA카드
,,,,50003131,SCSI카드
,,,,50003132,USB카드
,,,,50003133,기타인터페이스카드
,,50001224,쿨러,50003134,CPU쿨러
,,,,50003135,HDD쿨러
,,,,50003136,그래픽카드쿨러
,,,,50003137,노트북쿨러
,,,,50003138,방열판
,,,,50003139,수냉쿨러
,,,,50003140,케이스쿨러
,,,,50003141,기타쿨러
,,50001225,튜닝용품,50003142,브라켓
,,,,50003143,팬/온도컨트롤러
,,,,50003144,팬그릴
,,,,50003145,팬필터
,,,,50003146,조명기기
,,,,50003147,방음방진
,,,,50003148,기타튜닝용품
,,50007074,SSD,,
,,50007075,HDD,,
50000090,PC액세서리,50001200,USB액세서리,50002776,USB허브
,,,,50002777,USB라이트
,,,,50002780,USB보온제품
,,,,50002781,USB잠금장치
,,,,50002920,USB청소기
,,,,50002921,USB토이
,,,,50002922,기타USB액세서리
,,50001571,마우스패드,,
,,50001572,손목받침대,,
,,50001573,보안기,,
,,50001574,PC받침대,,
,,50001575,PC홀더/브라켓,,
,,50001576,키보드키스킨/스티커,,
,,50001577,클리너,,
,,50001578,케이블타이/정리함,,
,,50001579,기타PC액세서리,,
50000152,태블릿PC,,,,
50000153,모니터,,,,
50000093,모니터주변기기,50001590,모니터받침대,,
,,50001591,모니터어댑터,,
,,50001592,모니터브라켓,,
,,50006203,모니터암,,
,,50001593,기타모니터주변기기,,
50000092,태블릿PC액세서리,50001588,케이스/파우치,,
,,50001589,스탠드/Dock,,
,,50001202,태블릿PC보호필름,50002925,액정보호필름
,,,,50002926,전신보호필름
,,50007236,터치펜/기타,,
50000091,노트북액세서리,50001580,노트북가방/케이스,,
,,50001581,노트북받침대/쿨러,,
,,50001582,노트북보안기,,
,,50001583,노트북어댑터,,
,,50001584,노트북용배터리,,
,,50001585,노트북키스킨,,
,,50001201,노트북보호필름,50002923,액정보호필름
,,,,50002924,전신보호필름
,,50001586,노트북도난방지,,
,,50001587,기타노트북액세서리,,
50000213,주방가전,50001430,냉장고,50002558,양문형
,,,,50002559,일반형
,,,,50002560,업소용
,,50001431,김치냉장고,50002561,스탠드형
,,,,50002562,뚜껑형
,,,,50002563,서랍형
,,,,50002565,업소용
,,50001854,냉동고,,
,,50001432,전용냉장고,50006372,쇼케이스
,,,,50002566,반찬냉장고
,,,,50006373,육수냉장고
,,,,50002567,쌀냉장고
,,,,50002568,와인냉장고
,,,,50002569,제빙기
,,,,50002570,화장품냉장고
,,50001305,가스레인지,50002571,일반가스레인지
,,,,50002572,빌트인가스레인지
,,,,50002573,업소용가스레인지
,,50001855,가스레인지후드,,
,,50001306,전기밥솥,50002574,압력밥솥
,,,,50002575,일반밥솥
,,,,50002576,업소용밥솥
,,50001856,전자레인지,,
,,50001181,오븐,50002577,전기오븐
,,,,50006202,복합형오븐
,,,,50002578,오븐레인지
,,,,50002579,오븐조리기
,,50001857,인덕션,,
,,50001858,하이라이트,,
,,50007109,하이브리드,,
,,50001859,핫플레이트,,
,,50001860,쥬서기/녹즙기,,
,,50001861,믹서기,,
,,50001862,빙수기,,
,,50001863,분쇄기,,
,,50001182,식기세척/건조기,50002580,식기세척기
,,,,50002581,식기건조기
,,,,50006960,업소용식기세척기
,,,,50006968,업소용식기건조기
,,,,50002582,과일야채세척기
,,,,50005123,식기세척기전용세제
,,50001183,전기포트,50002583,무선포트
,,,,50002584,라면포트
,,,,50002585,보온포트
,,,,50002586,유선포트
,,,,50002587,전기물통
,,50001184,정수기,50002588,냉정수기
,,,,50002589,냉온정수기
,,,,50002590,냉온수기
,,,,50002591,미니정수기
,,,,50002592,정수기필터
,,,,50002723,기타정수기주변기기
,,50001706,진공포장기,,
,,50001707,음식물처리기,,
,,50001185,커피머신,50002724,에스프레소머신
,,,,50006962,업소용에스프레소머신
,,,,50002725,캡슐/POD머신
,,,,50007232,커피머신부속품
,,50001708,커피메이커,,
,,50001709,커피자판기,,
,,50001186,토스터기,50002726,팝업토스터기
,,,,50003208,오븐토스터기
,,50001710,제빵기,,
,,50001711,거품/반죽기,,
,,50001712,전기그릴,,
,,50001713,생선그릴,,
,,50001714,전기팬,,
,,50001715,튀김기,,
,,50001187,전기쿠커,50002727,슬로우쿠커
,,,,50002728,전기냄비
,,,,50002729,전기찜기
,,,,50002730,에그마스터
,,50001716,핸드블렌더,,
,,50001717,홍삼제조기,,
,,50001718,식품건조기,,
,,50001719,두부두유 제조기,,
,,50001720,요구르트 제조기,,
,,50001721,아이스크림 제조기,,
,,50001722,죽제조기,,
,,50001723,샌드위치 제조기,,
,,50001724,와플 제조기,,
,,50001725,탄산수 제조기,,
,,50006961,업소용 튀김기,,
,,50006965,업소용음식물처리기,,
,,50006966,업소용믹서기,,
,,50006969,업소용진공포장기,,
,,50006967,업소용빙수기,,
,,50006970,업소용거품/반죽기,,
,,50001726,기타 주방가전,,
,,50007072,에어프라이어,,
,,50007234,기타주방가전부속품,,
50000095,멀티미디어장비,50001595,Divx플레이어,,
,,50001211,DVR,50002961,DVR본체
,,,,50002962,DVR카드
,,,,50002963,DVR패키지
,,50001596,PC마이크,,
,,50001212,PC스피커,50002964,2채널
,,,,50002965,2.1채널
,,,,50002966,5.1채널
,,50001597,휴대용 스피커,,
,,50001598,PC카메라,,
,,50001599,PC헤드셋,,
,,50001213,TV카드,50002968,TV카드
,,,,50002969,PC리모컨
,,,,50002970,안테나
,,,,50002971,DMB수신기
,,50001214,사운드카드,50002972,내장형
,,,,50002973,외장형
,,,,50002974,레코딩장비
,,,,50002975,기타사운드카드용품
,,50001215,영상편집카드,50002976,디코더
,,,,50002977,엔코더
,,,,50002978,방송보드
,,,,50002979,영상편집
50000099,소프트웨어,50001512,운영체제,,
,,50001513,보안/백신,,
,,50001514,사무/회계,,
,,50001515,개발툴,,
,,50001516,그래픽/멀티미디어,,
,,50001517,번역,,
,,50001518,유틸리티,,
50000098,네트워크장비,50001226,공유기,50003149,유선공유기
,,,,50003150,유무선공유기
,,,,50003151,무선AP
,,50001227,랜카드,50003152,무선랜카드
,,,,50003153,유선랜카드
,,50001622,라우터,,
,,50001623,AP,,
,,50001624,KVM스위치,,
,,50001497,KVM케이블,,
,,50001498,네트워크모듈,,
,,50001499,네트워크테스트기,,
,,50001500,리피터장비,,
,,50001501,모니터공유기,,
,,50001502,무선모뎀,,
,,50001503,모뎀,,
,,50001504,블루투스동글,,
,,50001505,선택기,,
,,50001506,스위칭허브,,
,,50001507,시리얼장비,,
,,50001508,안테나,,
,,50001509,컨버터장비,,
,,50001510,프린터공유기,,
,,50001511,기타네트워크장비,,
50000094,PC주변기기,50001203,마우스,50002927,무선마우스
,,,,50002928,유선마우스
,,,,50002929,트랙볼마우스
,,,,50002930,펜마우스
,,,,50002931,프리젠터
,,50001204,키보드,50002932,무선키보드
,,,,50002933,유선키보드
,,,,50002934,키패드
,,50001594,키보드/마우스세트,,
,,50001205,태블릿/액세서리,50002935,태블릿
,,,,50002936,태블릿액세서리
,,50001206,복합기,50002937,잉크젯복합기
,,,,50002938,컬러레이저복합기
,,,,50002939,흑백레이저복합기
,,50001207,프린터,50002940,잉크젯프린터
,,,,50002941,레이저프린터
,,,,50002942,포토프린터
,,,,50002943,도트프린터
,,,,50002944,라벨프린터
,,,,50002945,바코드프린터
,,,,50002946,영수증프린터
,,,,50002947,플로터
,,,,50005481,3D프린터
,,,,50007228,카드프린터
,,50001208,복합기/프린터소모품,50002948,잉크
,,,,50002949,토너
,,,,50002951,기타복합기/프린터소모품
,,,,50005482,3D프린터소모품
,,50001209,스캐너,50002952,명함스캐너
,,,,50002953,바코드스캐너
,,,,50002954,양면스캐너
,,,,50002955,펜스캐너
,,,,50002956,평판스캐너
,,,,50002957,필름스캐너
,,,,50006840,3D 스캐너
50000087,학습기기,50001728,전자사전,,
,,50001729,전자책,,
,,50001730,어학학습기,,
,,50001731,학습보조기,,
,,50001732,보이스레코더,,
,,50001198,학습기기액세서리,50002767,보호필름/키스킨
,,,,50002768,케이스/파우치
,,,,50002769,충전기/케이블
50000096,저장장치,50001600,외장HDD,,
,,50001601,외장SSD,,
,,50001602,NAS,,
,,50001615,USB메모리,,
,,50001616,HDD,,
,,50001617,SSD,,
,,50001216,ODD,50003088,CD/DVD콤보
,,,,50003089,CD-ROM
,,,,50003090,CD레코더
,,,,50003091,DVD-ROM
,,,,50003092,DVD레코더
,,,,50003093,블루레이
,,50001217,공미디어,50003094,CD미디어
,,,,50003095,DVD미디어
,,,,50003096,블루레이미디어
,,,,50003097,기타공미디어
,,,,50003098,미디어보관함
,,,,50003099,미디어전용라벨
,,,,50003100,기타공미디어액세서리
,,50001618,기타저장장치,,
,,50001619,저장장치액세서리,,
50000088,게임기/타이틀,50001733,가정용게임기,,
,,50001734,휴대용게임기,,
,,50001735,PC게임,,
,,50001736,게임타이틀,,
,,50001199,게임기주변기기,50002770,조이스틱/컨트롤러
,,,,50002771,가방/케이스
,,,,50002772,보호필름
,,,,50002773,충전기기
,,,,50002774,음향기기
,,,,50002775,기타주변기기
50000100,침실가구,50001228,침대,50003210,싱글침대
,,,,50003211,슈퍼싱글침대
,,,,50003212,더블침대
,,,,50003213,퀸침대
,,,,50003214,킹침대
,,,,50003215,침대프레임
,,,,50003216,이층침대
,,,,50003217,이단침대
,,,,50003218,접이식침대
,,,,50003219,돌침대
,,,,50003220,흙침대
,,,,50003221,베드벤치
,,,,50006200,패밀리침대
,,,,50007069,모션베드
,,50001229,매트리스,50003222,싱글매트리스
,,,,50003223,슈퍼싱글매트리스
,,,,50003224,더블매트리스
,,,,50003225,퀸매트리스
,,,,50003226,킹매트리스
,,50001230,장롱/붙박이장,50003227,옷장
,,,,50003228,장롱
,,,,50003229,붙박이장
,,,,50003230,틈새옷장
,,,,50003231,드레스룸
,,50001231,화장대,50003232,일반화장대
,,,,50003233,콘솔
,,,,50003234,좌식화장대
,,,,50003235,화장품정리함
,,,,50003236,화장대의자
,,50001232,거울,50003237,벽걸이거울
,,,,50003238,전신거울
,,,,50003239,탁상거울
,,,,50003240,손거울
,,50007189,서랍장,,
,,50001307,협탁,,
,,50001308,부부테이블,,
,,50001309,침실세트,,
50000101,거실가구,50001234,소파,50003242,가죽소파
,,,,50003243,인조가죽소파
,,,,50003244,패브릭소파
,,,,50003245,리클라이너소파
,,,,50003246,좌식소파
,,,,50003247,소파베드
,,,,50003248,벤치소파
,,,,50003249,수납소파
,,,,50003250,빈백
,,50001235,테이블,50003251,거실테이블
,,,,50003253,사이드테이블
,,,,50003254,접이식테이블
,,50001310,TV거실장,,
,,50001311,장식장,,
50000102,주방가구,50001236,식탁/의자,50003255,식탁세트
,,,,50003256,식탁테이블
,,,,50003257,아일랜드식탁
,,,,50003258,레인지대겸용식탁
,,,,50003260,식탁의자
,,,,50003261,아일랜드식탁의자
,,50001313,레인지대,,
,,50001315,왜건/카트,,
,,50001316,주방수납장,,
,,50001317,그릇장/컵보드,,
,,50001318,기타주방가구,,
,,50004801,와인랙,,
50000103,수납가구,50001319,행거,,
,,50001320,수납장,,
,,50001321,선반,,
,,50001322,공간박스,,
,,50001323,고가구,,
,,50001324,나비장,,
,,50001325,CD/DVD장,,
,,50001326,신발장,,
,,50001327,우산꽂이,,
,,50001328,잡지꽂이,,
,,50001329,코너장,,
,,50001330,소품수납함,,
50000104,아동/주니어가구,50001332,책상,,
,,50001333,책상의자,,
,,50001334,책상의자세트,,
,,50001335,책장,,
,,50001336,책꽂이,,
,,50001237,침대,50003262,일반침대
,,,,50003671,벙커침대
,,,,50003672,2단침대
,,,,50003673,2층침대
,,50001337,옷장,,
,,50001338,행거,,
,,50001339,서랍장,,
,,50001340,수납장,,
,,50001341,의자,,
,,50001342,소파,,
,,50001344,소품가구,,
,,50001345,아동침실세트,,
50000105,서재/사무용가구,50001238,책상,50003263,h형 책상
,,,,50003675,일자형 책상
,,,,50003676,좌식책상
,,,,50003677,2인용 책상
,,,,50003678,컴퓨터책상
,,,,50003679,코너형책상
,,,,50003680,독서실책상
,,,,50003681,삼나무/원목책상
,,,,50007169,스탠딩책상
,,,,50003695,책상소품
,,50001346,책장,,
,,50001347,책꽂이,,
,,50001239,의자,50003264,일반의자
,,,,50003682,인테리어의자
,,,,50003683,목받침의자
,,,,50003265,좌식의자
,,,,50003266,스툴
,,,,50003291,안락의자
,,,,50003292,흔들의자
,,,,50003293,하이팩의자
,,,,50003294,간이/접이식의자
,,,,50003295,의자발받침대
,,50001240,사무/교구용가구,50003296,사무용책상
,,,,50003297,사무용책장
,,,,50003298,사무용소파
,,,,50003299,사무용의자
,,,,50003300,사무용수납가구
,,,,50003301,파티션
,,,,50003302,캐비닛
,,,,50003303,회의테이블
,,,,50003304,교구용가구/소품
,,,,50003305,학원/학교책걸상
,,,,50003306,기타사무/교구용가구
50000106,아웃도어가구,50001054,야외테이블,,
,,50001055,야외의자,,
,,50001056,정원그네,,
,,50001057,정자,,
,,50001058,야외벤치,,
,,50001059,기타아웃도어가구,,
,,50001779,파라솔,,
50000107,DIY자재/용품,50001060,목재,,
,,50001061,반제품,,
,,50001113,가구부속품,50003307,가구다리
,,,,50003308,가구바퀴
,,,,50003309,경첩/꺽쇠/자석철물류
,,,,50003310,나사/못
,,,,50003311,로프/철망
,,,,50003312,서랍레일
,,,,50003313,소켓/옷걸이봉
,,,,50003314,기타가구부속품
,,50001114,바닥재,50003315,마루
,,,,50003316,매트류
,,,,50003317,온돌마루
,,,,50003318,인조잔디
,,,,50003319,장판
,,,,50003320,필름난방
,,,,50003321,기타바닥재
,,50001062,손잡이,,
,,50001115,타일,50003322,스텐타일
,,,,50003684,아트타일
,,,,50003685,우드타일
,,,,50003686,유리타일
,,,,50003687,자기질타일
,,,,50003688,점착식타일
,,,,50003689,카페트타일
,,,,50007146,도기질타일
,,50001063,파벽돌,,
,,50004081,몰딩,,
,,50001065,패널,,
,,50001116,벽지,50003323,합지벽지
,,,,50003324,실크벽지
,,,,50003325,뮤럴벽지
,,,,50003326,포인트벽지
,,,,50003327,띠벽지
,,,,50003328,기타벽지
,,50003913,시트지,50003329,타일시트지
,,,,50003690,무늬목시트지
,,,,50003691,단색시트지
,,,,50003692,포인트시트지
,,,,50003693,아이방시트지
,,,,50003694,뮤럴시트지
,,,,50003696,유리용시트지
,,50001066,데코스티커,,
,,50001067,접착제/보수용품,,
,,50008168,리모델링,50008188,중문
,,,,50008208,욕실/바스
,,,,50008228,싱크대
,,,,50008848,창문/창호/새시
50000109,침구단품,50001123,매트/침대커버,50003470,싱글/슈퍼싱글침대커버
,,,,50003471,더블/퀸/킹침대커버
,,,,50003472,싱글/슈퍼싱글매트커버
,,,,50003473,더블/퀀/킹매트커버
,,50001124,베개,50003474,계절베개
,,,,50003475,라텍스베개
,,,,50003476,메모리폼베개
,,,,50003477,베개커버
,,,,50003478,베개커버세트
,,50000969,스프레드,,
,,50000970,차렵이불,,
,,50000971,홑이불,,
,,50001125,패드,50003479,싱글/슈퍼싱글패드
,,,,50003480,더블/퀸/킹패드
,,50001126,요,50003481,요세트
,,,,50003482,요커버
,,50000972,이불커버,,
,,50000973,담요,,
,,50000974,무릎담요,,
,,50000975,전기매트커버,,
,,50007048,토퍼,,
,,50007049,토퍼커버,,
,,50000976,기타침구단품,,
50000110,침구세트,50001127,침대커버세트,50003483,싱글침대커버세트
,,,,50003484,슈퍼싱글침대커버세트
,,,,50003485,더블/퀸침대커버세트
,,,,50003486,킹침대커버세트
,,50001128,매트커버세트,50003487,싱글매트커버세트
,,,,50003488,슈퍼싱글매트커버세트
,,,,50003489,더블/퀸매트커버세트
,,,,50003490,킹매트커버세트
,,50001129,이불베개세트,50003491,싱글이불베개세트
,,,,50003492,슈퍼싱글이불베개세트
,,,,50003493,더블/퀸이불베개세트
,,,,50003494,킹이불베개세트
,,50001130,이불패드세트,50003495,싱글이불패드세트
,,,,50003496,슈퍼싱글이불패드세트
,,,,50003497,더블/퀸이불패드세트
,,,,50003498,킹이불패드세트
,,50001131,요이불세트,50003499,1인용
,,,,50003500,2/3인용
,,,,50000977,한실예단세트
50000112,카페트/러그,50001135,카페트,50003511,면/극세사카페트
,,,,50003512,파일카페트
,,,,50003513,원목/우드카페트
,,50000981,러그,,
,,50000982,발매트,,
,,50000983,대자리,,
,,50000984,왕골자리,,
,,50000852,쿨매트,,
50000113,커튼/블라인드,50001136,커튼,50003514,거실용커튼
,,,,50003515,창문용커튼
,,,,50003516,커튼링/봉
,,50000857,로만셰이드,,
,,50000858,커튼/로만세트,,
,,50000859,블라인드,,
,,50006168,콤비블라인드,,
,,50000860,버티컬,,
,,50000861,롤스크린,,
,,50000862,바란스,,
,,50000863,캐노피,,
,,50000864,대나무발,,
,,50000865,비즈발,,
,,50000866,자바라,,
,,50000867,커튼액세서리,,
,,50000853,실커튼,,
50000154,홈데코,50001137,커버류,50003517,소파커버/패드
,,,,50003518,에어컨커버
,,,,50003520,피아노커버
,,,,50003521,기타커버류
,,50001138,주방데코,50003522,식탁보
,,,,50003523,식탁보세트
,,,,50003524,식탁매트
,,,,50003525,의자커버
,,,,50003526,러너
,,,,50003527,앞치마
,,,,50003640,주방장갑
,,,,50003641,기타주방데코
,,50001139,쿠션/방석,50003642,일반방석
,,,,50003643,계절방석
,,,,50003644,기능성방석
,,,,50003645,방석커버
,,,,50003646,일반쿠션
,,,,50003647,기능성쿠션
,,,,50003648,등쿠션
,,,,50003649,대쿠션/대방석
,,,,50003650,헤드쿠션
,,,,50003651,목쿠션/아이필로우
,,,,50003652,바디필로우
,,,,50003653,팔꿈치/손목쿠션
,,,,50003654,쿠션커버
,,,,50003655,쿠션/방석커버세트
,,,,50003656,쿠션/방석기타
50000111,솜류,50001132,베개솜/속통,50003501,일반베개솜
,,,,50003502,양모베개솜
,,,,50003503,거위털/오리털베개솜
,,,,50003504,마이크로화이바베개솜
,,50001133,요솜/매트솜,50003505,견면요솜
,,,,50003506,목화요솜
,,50001134,이불솜,50003507,일반이불솜
,,,,50003508,양모이불솜
,,,,50003509,거위털/오리털이불솜
,,,,50003510,마이크로화이바이불솜
,,50000979,쿠션솜,,
,,50000980,방석솜,,
50000114,수예,50001140,뜨개질,50003657,뜨개질실
,,,,50003658,뜨개질바늘
,,,,50003659,패키지
,,,,50003660,완제품
,,50001141,자수,50003661,도안
,,,,50003662,원단
,,,,50003663,실/바늘
,,,,50003664,패키지
,,,,50003665,완제품
,,50001142,퀼트/펠트,50003666,도안
,,,,50003667,원단
,,,,50003668,패키지
,,,,50003669,완제품
,,50000849,원단,,
,,50000850,수예용품/부자재,,
,,50006874,보석십자수,,
,,50000851,기타수예,,
50000108,인테리어소품,50001118,스탠드,50003330,단스탠드
,,,,50003331,장스탠드
,,50001119,조명,50003332,벽등
,,,,50003333,샹들리에
,,,,50003334,거실조명
,,,,50003335,야외조명
,,,,50003336,분수등
,,,,50003337,주방조명
,,,,50003338,욕실조명
,,,,50003339,현관조명
,,,,50003340,인테리어조명
,,,,50003341,전구
,,,,50003342,형광등
,,,,50007247,LED모듈
,,50001120,시계,50003343,벽시계
,,,,50003344,알람/탁상시계
,,,,50003345,스탠드시계
,,50001121,액자,50003346,탁상용액자
,,,,50003347,벽걸이액자
,,,,50003348,파티션액자
,,,,50003349,캐릭터액자
,,,,50003350,퍼즐/그림/사진액자
,,,,50003351,포토보드/집게
,,,,50003352,액자세트
,,,,50002014,디지털액자
,,50006309,미술작품,50006310,회화
,,,,50006311,판화
,,,,50006312,아트포스터
,,,,50006313,사진작품
,,,,50006788,공예디자인
,,,,50007190,조각
,,50001122,아로마/캔들용품,50003353,초/향초
,,,,50003354,촛대/홀더
,,,,50003355,아로마램프/오일
,,,,50003356,아로마방향제/디퓨저
,,,,50006875,캔들만들기
,,,,50006876,석고방향제만들기
,,,,50003357,기타아로마/캔들용품
,,50001069,장식인형,,
,,50001070,장식미니어쳐,,
,,50001071,화병,,
,,50001072,인테리어파티션,,
,,50001073,인테리어창문,,
,,50001074,인터폰박스,,
,,50001075,인테리어분수,,
,,50001076,오르골,,
,,50000961,워터볼,,
,,50000962,우체통,,
,,50000963,도어벨,,
,,50000964,디자인문패,,
,,50000965,냉장고자석,,
,,50000966,앤틱소품,,
,,50000967,전통공예소품,,
,,50000968,기타장식용품,,
50000115,분유,50000854,국내분유,,
,,50000855,수입분유,,
,,50000856,특수분유,,
50000116,기저귀,50000729,국내기저귀,,
,,50000730,수입기저귀,,
,,50001143,기능성기저귀,50003697,천기저귀
,,,,50003698,수영장기저귀
,,,,50003699,땅콩기저귀
,,,,50003700,기저귀커버
,,,,50003701,기저귀밴드
50000117,물티슈,50005401,캡형,,
,,50005402,리필형,,
,,50005403,휴대용,,
,,50005405,혼합세트,,
50000118,이유식,50000733,분말이유식,,
,,50000736,반고형이유식,,
,,50000737,레토르트이유식,,
,,50001144,수제이유식,50003702,밥/죽
,,,,50003703,국/반찬
,,,,50007068,이유식재료
,,,,50003707,기타수제이유식
50000121,유모차,50000686,초경량/휴대용,,
,,50000687,절충형/디럭스형,,
,,50005406,쌍둥이용,,
,,50005407,유모차/카시트 세트,,
,,50001147,유모차용품,50003865,유모차커버
,,,,50003870,유모차풋머프
,,,,50003873,유모차목쿠션/블랭킷
,,,,50005303,유모차햇빛가리개
,,,,50003864,유모차시트
,,,,50003868,유모차걸이
,,,,50003871,유모차장난감
,,,,50003872,유모차홀더
,,,,50003866,유모차보호대/안전바
,,,,50003867,유모차정리망/정리함
,,,,50003875,기타유모차용품
50000119,아기간식,50000739,유아과자,,
,,50000738,유아두유,,
,,50005467,유아유제품,,
,,50005468,유아음료,,
50000122,카시트,50005408,바구니형,,
,,50005409,일체형,,
,,50005410,분리형,,
,,50001148,카시트용품,50003877,햇빛가리개
,,,,50003879,카시트기타용품
,,,,50003880,차량안전벨트
50000128,유아세제,50000626,유아세탁세제,,
,,50000627,유아유연제,,
,,50000628,유아세탁비누,,
,,50005413,혼합세트,,
,,50005412,유아표백제/얼룩제거제,,
50000127,구강청결용품,50000619,유아칫솔,,
,,50000620,유아치약,,
,,50000621,유아구강세정제,,
,,50000622,유아구강청결티슈,,
,,50000623,손가락빨기방지용품,,
,,50000625,기타구강청결용품,,
50000129,소독/살균용품,50000629,젖병소독기,,
,,50000630,젖병세정제,,
,,50000631,젖병솔,,
,,50000632,젖병집게,,
,,50000633,젖병건조대,,
,,50000634,장난감소독기,,
50000125,스킨/바디용품,50000717,기저귀크림,,
,,50000718,유아크림,,
,,50000719,유아로션,,
,,50000720,유아오일,,
,,50000721,유아선크림,,
,,50000722,유아파우더,,
,,50000723,유아립케어,,
,,50000724,유아비누,,
,,50000726,유아바스/샴푸,,
,,50000727,유아입욕제,,
,,50005411,혼합세트,,
,,50007108,어린이네일케어,,
,,50000728,기타스킨/바디용품,,
50000123,외출용품,50000692,아기띠,,
,,50000697,힙시트,,
,,50000694,아기띠침받이,,
,,50000702,망토/워머,,
,,50000701,슬링,,
,,50000693,아기띠쿨러/패드,,
,,50000695,기저귀가방,,
,,50000698,포대기/처네,,
,,50000700,캐리어,,
,,50000703,미아방지용품,,
,,50000704,기타외출용품,,
50000120,수유용품,50000743,젖병,,
,,50000745,젖꼭지,,
,,50000746,노리개젖꼭지,,
,,50000673,유축기,,
,,50000674,분유케이스,,
,,50000675,보틀워머,,
,,50000677,모유보관비닐팩,,
,,50000679,수유쿠션/시트,,
,,50000680,수유가리개,,
,,50000681,수유패드,,
,,50000684,유두케어/젖몸살용품,,
,,50000685,기타수유용품,,
50000124,목욕용품,50000705,유아욕조,,
,,50000706,유아목욕의자,,
,,50000714,유아목욕장난감,,
,,50000707,유아목욕가운,,
,,50000708,유아목욕타월,,
,,50000709,유아샴푸캡,,
,,50000710,유아목욕장갑/스펀지,,
,,50000711,유아세면대/수도꼭지,,
,,50000713,유아욕탕온도계,,
,,50000715,욕실정리망/정리함,,
,,50000716,기타목욕용품,,
50000130,안전용품,50000576,안전문,,
,,50000577,모서리보호대,,
,,50000578,머리보호대,,
,,50000579,무릎보호대,,
,,50000580,문닫힘방지,,
,,50000582,디딤대,,
,,50000583,모기밴드/퇴치용품,,
,,50000584,안전잠금장치,,
,,50000586,콘센트안전커버,,
50000132,이유식용품,50000477,유아컵,,
,,50000478,유아식기,,
,,50000479,유아스푼/포크,,
,,50000481,연습용젓가락,,
,,50000482,턱받이,,
,,50000483,조리기,,
,,50000485,과즙망,,
,,50000486,기타이유식용품,,
50000135,유아침구,50000509,속싸개,,
,,50000510,겉싸개,,
,,50000512,아기이불/요/패드,,
,,50000513,보낭/슬리핑백,,
,,50000514,방수요,,
,,50005304,유아베개,,
,,50005305,낮잠이불,,
,,50000516,DIY 아기용품,,
,,50000517,기타유아침구,,
50000131,유아가구,50000587,유아침대,,
,,50000589,유아책상,,
,,50000590,유아공부상,,
,,50000591,유아의자,,
,,50000592,유아소파,,
,,50000593,유아이유식의자,,
,,50000598,유아옷걸이,,
,,50000600,장난감정리함,,
,,50000473,기저귀정리함,,
,,50000476,기타유아가구,,
50000134,임산부용품,50000503,산모방석,,
,,50000505,전자파차단앞치마,,
,,50001150,태교용품,50004035,태교용구
,,,,50004036,태교음반/DVD
,,50000276,임산부바디필로우,,
,,50000507,임산부화장품,,
,,50000508,임산부보호대,,
,,50006841,모유촉진제,,
,,50000277,기타임산부용품,,
50000133,임부복,50000487,수유복,,
,,50000488,원피스,,
,,50000496,바지,,
,,50000497,청바지,,
,,50000498,트레이닝복/요가복,,
,,50000499,스커트,,
,,50000500,스타킹,,
,,50000501,레깅스,,
,,50000502,임부용수영복,,
,,50001149,임부속옷,50004030,수유브라
,,,,50004031,임부팬티
,,,,50004032,임부내복
,,,,50004033,임부러닝
,,,,50004034,임산부복대
50000126,위생/건강용품,50000601,유아변기/커버,,
,,50000603,유아면봉,,
,,50000604,유아손톱가위/손톱깎이,,
,,50000606,유아손세정제,,
,,50000624,유아항균팩,,
,,50000608,유아마스크,,
,,50000610,기저귀휴지통,,
,,50000611,분통/파우더통,,
,,50000612,유아이발용품,,
,,50000613,제균스프레이,,
,,50000614,콧물흡입기,,
,,50000615,키재기,,
,,50000616,투약기,,
,,50000617,해열시트,,
,,50000618,물티슈워머,,
50000138,유아동의류,50000535,티셔츠,,
,,50000536,블라우스,,
,,50007114,셔츠/남방,,
,,50000270,조끼,,
,,50000409,니트/스웨터,,
,,50000410,카디건,,
,,50000414,원피스,,
,,50000271,상하세트,,
,,50000418,재킷,,
,,50000419,점퍼,,
,,50000420,코트,,
,,50007116,레깅스,,
,,50000411,바지,,
,,50007115,청바지,,
,,50000412,스커트,,
,,50000416,트레이닝복,,
,,50000415,정장,,
,,50000413,드레스,,
,,50007123,공주드레스,,
,,50007117,점프슈트,,
,,50007124,패밀리룩,,
,,50007125,레인코트,,
,,50007118,교복,,
,,50007119,한복,,
,,50007120,스키복,,
,,50007121,발레복/댄스복,,
,,50007122,코스튬의상,,
50000139,유아동잡화,50001152,신발,50004039,보행기신발
,,,,50004198,운동화
,,,,50004042,샌들
,,,,50004200,아쿠아슈즈
,,,,50005466,장화
,,,,50006383,젤리슈즈
,,,,50004040,구두
,,,,50004041,부츠/털신
,,,,50004199,실내화
,,,,50005465,슬리퍼
,,50001153,가방,50004201,신발주머니/보조가방
,,,,50004202,토트백/숄더백
,,,,50004203,백팩
,,,,50004204,크로스백
,,,,50004205,캐리어백
,,,,50004206,미아방지가방
,,50000348,지갑,,
,,50000349,모자,,
,,50000350,장갑,,
,,50000351,귀마개,,
,,50000352,목도리,,
,,50000353,스카프,,
,,50000356,앞치마/토시/두건,,
,,50000357,넥타이,,
,,50000358,선글라스,,
,,50000223,양말,,
,,50007126,타이즈,,
,,50000226,우산,,
,,50000227,벨트/멜빵,,
,,50007110,헤어액세서리,50007111,헤어밴드
,,,,50007112,헤어핀
,,,,50007113,헤어끈
,,50000269,기타유아동잡화,,
50007135,유아동언더웨어/잠옷,50007136,잠옷/홈웨어,,
,,50007137,수면조끼,,
,,50007138,내의/내복,,
,,50007139,러닝,,
,,50007140,팬티,,
,,50007141,브라,,
,,50007142,러닝팬티세트,,
,,50007143,브라팬티세트,,
,,50007144,속치마/속바지,,
,,50007145,배변훈련팬티,,
50000142,완구/매트,50000371,놀이방매트,,
,,50001154,작동완구,50004210,로봇
,,,,50004212,자동차
,,,,50004208,동물작동완구
,,,,50004209,기차
,,,,50004211,로봇강아지
,,,,50004213,비행기
,,,,50006843,팽이
,,,,50004216,오토바이
,,,,50004217,장난감총
,,,,50004218,헬기
,,,,50004642,기타작동완구
,,50001155,감각발달완구,50004219,도형끼우기
,,,,50004220,링쌓기/컵쌓기
,,,,50004221,멜로디완구
,,,,50004224,비눗방울
,,,,50004225,아기전화기
,,,,50004227,헝겊완구/헝겊책
,,,,50004643,기타감각발달완구
,,50001156,공간놀이기구,50004228,그네/그네봉
,,,,50004229,놀이집
,,,,50004230,다기능놀이터
,,,,50004231,미끄럼틀
,,,,50004232,볼텐트/놀이텐트
,,50001157,물놀이용품,50004239,풀장
,,,,50004233,구명조끼
,,,,50004234,목튜브/암링
,,,,50004237,보행기튜브
,,,,50004240,튜브
,,,,50004242,물총
,,,,50004235,스노클링
,,,,50004243,비치볼
,,,,50004236,보트
,,50001158,미술놀이,50004246,클레이
,,,,50004248,플레이콘/매직콘
,,,,50004249,그림판
,,,,50004251,물감
,,,,50004252,색연필
,,,,50004253,색칠공부
,,,,50004254,스케치북
,,,,50004255,이젤
,,,,50004256,크레욜라
,,,,50004257,크레파스
,,,,50006998,종이접기
,,,,50006999,오리기
,,,,50004250,기타미술놀이
,,50001159,블록,50004258,레고
,,,,50004261,옥스포드
,,,,50004259,빅블록
,,,,50004260,사각/십자블록
,,,,50004262,원목블록
,,,,50004263,자석블록
,,,,50004264,종이/소프트블록
,,50001160,스포츠완구,50004265,골프
,,,,50004266,공/소프트볼
,,,,50004267,볼링
,,,,50004269,스카이콩콩
,,,,50004270,스키/눈썰매
,,,,50004271,야구/캐치볼
,,,,50004272,축구대
,,,,50004273,농구대
,,,,50004274,트램펄린/덤블링
,,,,50004275,펀치백/권투
,,,,50004276,헬스기구
,,,,50004277,호핑볼/점핑볼
,,,,50004644,기타스포츠완구
,,50001161,승용완구,50004413,킥보드/씽씽이
,,,,50004410,전동차
,,,,50004405,붕붕카
,,,,50004406,스프링카
,,,,50004407,시소
,,,,50004409,왜건
,,,,50004412,지붕차
,,,,50004414,트레일러
,,,,50004415,흔들말
,,,,50004645,기타승용완구
,,50001162,유아/어린이자전거,50004416,다기능자전거
,,,,50004417,보조바퀴체인자전거
,,,,50004418,세발자전거
,,,,50005415,밸런스자전거
,,50001163,신생아/영유아완구,50004419,딸랑이
,,,,50004420,모빌
,,,,50004421,아기체육관
,,,,50004422,아기걸음마
,,,,50004423,오뚝이
,,,,50004424,치아발육기
,,,,50004425,베이비룸
,,,,50004426,플레이매트
,,,,50004427,신생아완구세트
,,,,50004646,기타신생아/영유아완구
,,50001164,언어/학습완구,50004428,학습보드판
,,,,50004430,낱말카드/학습카드
,,,,50004431,디지털학습완구
,,,,50004432,사운드북
,,,,50004433,스티커북
,,,,50004434,색칠북
,,,,50004435,유아용컴퓨터
,,,,50004436,자석놀이
,,,,50004437,학습벽보
,,,,50004429,기타언어/학습완구
,,50001165,역할놀이/소꿉놀이,50004438,공구놀이
,,,,50004439,낚시놀이
,,,,50004440,모래놀이
,,,,50004441,병원놀이
,,,,50004442,소꿉놀이
,,,,50004443,가게놀이
,,,,50004444,가사놀이
,,,,50004445,인형유모차
,,,,50004446,주방놀이
,,,,50004447,쿠킹토이
,,,,50004448,화장놀이
,,,,50004647,기타역할놀이/소꿉놀이
,,50001166,원목교구/가베,50004449,가베
,,,,50004450,도미노
,,,,50004451,도형쌓기
,,,,50004452,롤러코스터
,,,,50004453,셈놀이/숫자놀이판
,,,,50004454,실꿰기/구슬꿰기
,,,,50004455,원목큐브
,,,,50004456,하노이탑
,,50001167,자연/과학완구,50004457,공룡
,,,,50004458,동물학습
,,,,50004459,과학상자
,,,,50004460,기초로봇
,,,,50004461,망원경
,,,,50004462,물로켓/고무동력기
,,,,50004463,식물학습
,,,,50004464,곤충학습
,,,,50004466,현미경
,,50001168,유아동퍼즐,50004467,구슬퍼즐
,,,,50004468,도형퍼즐/칠교놀이
,,,,50004469,원목/꼭지퍼즐
,,,,50004470,종이/입체퍼즐
,,,,50004471,직소퍼즐/액자
,,,,50004473,큐브/소마큐브
,,,,50004474,숫자퍼즐
,,,,50004475,그림퍼즐
,,,,50004648,기타유아동퍼즐
,,50001169,음악/악기놀이,50004476,나팔
,,,,50004477,드럼
,,,,50004478,마이크/노래방
,,,,50004479,멜로디언/키보드
,,,,50004480,실로폰
,,,,50004481,악기세트
,,,,50004482,피아노
,,,,50004649,타악기
,,,,50004484,기타음악/악기놀이
,,50000343,캐릭터카드/딱지,,
50000137,신생아의류,50000526,레그/스패츠,,
,,50000528,바디슈트/롬퍼,,
,,50000529,배냇저고리,,
,,50000530,손/발싸개,,
,,50000531,신생아모자/보닛,,
,,50000532,우주복,,
,,50005306,가제손수건,,
,,50005307,세트,,
50000136,출산/돌기념품,50006990,셀프촬영,50006991,촬영의상
,,,,50006992,촬영소품
,,50006993,돌잔치용품,50006994,상대여
,,,,50006995,돌잔치소품
,,,,50006996,행사용스티커
,,,,50006997,답례품
,,50000518,기저귀케이크,,
,,50006988,유치보관함,,
,,50000519,탯줄보관함,,
,,50000520,손발도장,,
,,50000521,탯줄도장,,
,,50006989,성장카드,,
,,50000522,성장앨범/액자,,
,,50000524,기타출산/돌기념품,,
50000141,유아발육용품,50000367,바운서/흔들침대,,
,,50000368,보행기,,
,,50000369,쏘서,,
,,50000370,점퍼루,,
50007127,유아동 주얼리,50007132,순금돌반지,,
,,50007133,순금주얼리,,
,,50007128,목걸이,,
,,50007129,귀걸이,,
,,50007130,팔찌,,
,,50007131,펜던트,,
,,50007134,주얼리세트,,
50000144,교재/서적,50006386,유아동전집,50006387,한글전집
,,,,50006388,수학전집
,,,,50006389,자연전집
,,,,50006390,영어전집
,,,,50006391,기타전집
,,50006392,학습교구,50006393,한글교구
,,,,50006394,수학교구
,,,,50006395,영어교구
,,,,50006396,자연/과학교구
,,,,50006397,미술교구
,,,,50006398,기타교구
,,50000221,학습보드게임,,
,,50000222,비디오/DVD,,
50000143,인형,50000344,봉제인형,,
,,50000217,캐릭터/패션인형,,
,,50000218,기타인형,,
50000140,수영복/용품,50000361,남아수영복,,
,,50000362,여아수영복,,
,,50000363,수경/수모/귀마개,,
,,50000365,수영가방/비치백,,
50000145,축산,50001170,돼지고기,50004651,국내산돼지고기
,,,,50004652,수입산돼지고기
,,50001171,쇠고기,50004653,국내산육우
,,,,50004654,한우
,,,,50004655,수입산쇠고기
,,50001172,닭고기,50004656,부위별닭고기
,,,,50004657,생닭
,,50000279,오리고기,,
,,50000280,양고기,,
,,50001173,알류,50004658,달걀
,,,,50004659,메추리알
,,,,50004660,오리알
,,,,50002457,훈제란
,,50001174,축산가공식품,50004661,갈비찜
,,,,50004662,돈가스
,,,,50004663,돈육훈제
,,,,50004664,돼지양념육
,,,,50004665,쇠고기양념육
,,,,50004666,닭양념육
,,,,50004667,오리양념육
,,,,50002456,오리훈제
,,,,50004668,떡갈비
,,,,50004669,베이컨
,,,,50004670,족발
,,,,50004673,햄
,,,,50004674,소시지
,,,,50004675,순대
,,,,50004676,육포
,,,,50004678,삼계탕
,,,,50004679,닭가공품
,,,,50004680,오리가공품
,,,,50004681,기타육가공
,,50000215,기타육류,,
50000023,건강식품,50001897,건강음료,,
,,50007000,건강즙,50007001,양배추즙
,,,,50007002,양파즙
,,,,50007003,호박즙
,,,,50007004,비트즙
,,,,50007005,칡즙
,,,,50007006,토마토즙
,,,,50007007,기타건강즙
,,,,50002425,멀티비타민
,,50001899,건강환/정,,
,,50001090,비타민제,50002426,비타민A
,,,,50002427,비타민B
,,,,50002428,비타민C
,,,,50007042,비타민D
,,,,50007043,비타민E
,,,,50007044,비오틴
,,,,50002429,기타비타민
,,50001901,홍삼,,
,,50001902,인삼,,
,,50001091,한방재료,50002430,가시오가피
,,,,50002431,감초
,,,,50002432,계피
,,,,50002433,구기자
,,,,50002434,녹용
,,,,50002435,산수유
,,,,50002436,오미자
,,,,50002437,헛개나무
,,,,50002438,황기
,,,,50002622,기타한방재료
,,50001905,꿀,,
,,50001092,영양제,50002439,로얄제리
,,,,50002440,엽산
,,,,50002441,아연
,,,,50002442,철분
,,,,50002443,칼슘
,,,,50002444,마그네슘
,,,,50002445,프로폴리스
,,,,50002446,글루코사민
,,,,50002447,오메가3
,,,,50002448,감마리놀렌산
,,,,50002608,루테인
,,,,50002609,스쿠알렌
,,,,50002610,쏘팔메토
,,,,50002612,키토산
,,,,50002613,환자식/영양보충식
,,,,50002614,효모
,,,,50002615,기타건강보조식품
,,,,50002616,알로에정/겔
,,,,50002617,코큐텐
,,,,50007030,프로바이오틱스
,,,,50007031,밀크씨슬
,,,,50007032,폴리코사놀
,,,,50007033,보스웰리아
,,,,50007034,셀레늄
,,,,50007035,칼륨
,,,,50007036,MSM
,,,,50002620,스피루리나
,,,,50002621,클로렐라
,,,,50007218,프리바이오틱스
,,,,50007528,크릴오일
,,50007008,과일즙,50007009,석류즙
,,,,50007010,사과즙
,,,,50007011,포도즙
,,,,50007012,아로니아즙
,,,,50007013,배즙
,,,,50007014,블루베리즙
,,,,50007015,기타과일즙
,,50001900,건강분말,,
50000159,수산,50001175,생선,50004682,갈치
,,,,50004683,고등어
,,,,50004684,굴비
,,,,50004685,장어
,,,,50004686,옥돔
,,,,50004687,조기
,,,,50004688,참치
,,,,50004689,동태
,,,,50004690,초밥재료
,,,,50004691,홍어
,,,,50004692,생선회
,,,,50004693,연어/훈제연어
,,,,50004694,기타생선
,,50001176,김/해초,50004695,김
,,,,50004696,다시마
,,,,50004697,매생이
,,,,50004698,미역
,,,,50004699,해초샐러드
,,,,50004700,기타해초
,,50001049,해산물/어패류,50004701,전복
,,,,50004702,새우
,,,,50004703,소라
,,,,50004704,골뱅이
,,,,50004706,낙지
,,,,50004707,문어
,,,,50004708,주꾸미
,,,,50004709,조개
,,,,50007077,가리비
,,,,50004710,오징어
,,,,50004711,꽃게
,,,,50007076,대게/홍게
,,,,50004712,킹크랩
,,,,50004713,바닷가재
,,,,50004714,굴
,,,,50004715,꼬막
,,,,50004716,홍합
,,,,50004717,멍게
,,,,50004719,해삼
,,,,50004720,날치알
,,,,50004726,기타해산물
,,50001050,젓갈,50004727,명란젓
,,,,50004728,새우젓
,,,,50004729,오징어젓
,,,,50004730,낙지젓
,,,,50004731,조개젓
,,,,50004732,창난젓
,,,,50004733,토하젓
,,,,50004734,게장
,,,,50002458,대하장
,,,,50004735,젓갈선물세트
,,,,50004736,기타젓갈
,,50001051,건어물,50004737,멸치
,,,,50004738,쥐포
,,,,50004739,오징어
,,,,50004740,한치
,,,,50004741,문어
,,,,50004742,건새우
,,,,50004743,과메기
,,,,50004744,노가리
,,,,50004746,진미채
,,,,50004747,황태
,,,,50004748,기타건어물
50000160,농산물,50001052,쌀,50004749,백미
,,,,50004750,찹쌀
,,,,50004751,현미
,,,,50004752,흑미
,,,,50004754,기능성쌀
,,50001053,잡곡/혼합곡,50004755,보리
,,,,50002148,율무
,,,,50002149,녹두
,,,,50002150,들깨
,,,,50002151,참깨
,,,,50002152,메밀
,,,,50002153,옥수수
,,,,50002154,수수
,,,,50002155,기장
,,,,50002156,콩
,,,,50002157,팥
,,,,50002158,혼합곡
,,,,50002159,기타잡곡
,,50000960,과일,50002178,천혜향
,,,,50002179,한라봉
,,,,50002180,포도
,,,,50002183,복숭아
,,,,50002184,리치
,,,,50002185,체리
,,,,50002186,레몬
,,,,50002187,망고
,,,,50002181,자두
,,,,50002188,바나나
,,,,50002189,석류
,,,,50002190,오렌지
,,,,50002191,자몽
,,,,50002192,파인애플
,,,,50007220,아보카도
,,,,50002193,기타과일
,,,,50002194,과일바구니
,,,,50002195,혼합과일세트
,,,,50002160,사과
,,,,50002161,배
,,,,50002162,토마토
,,,,50002163,감귤
,,,,50002164,딸기
,,,,50002167,감
,,,,50002169,매실
,,,,50002170,멜론
,,,,50002172,복분자
,,,,50002173,블루베리
,,,,50002175,수박
,,,,50002176,키위/참다래
,,,,50002177,참외
,,50001077,채소,50002211,쌈채소
,,,,50002212,시금치
,,,,50002214,고구마
,,,,50002215,감자
,,,,50002216,당근
,,,,50002217,더덕
,,,,50002218,도라지
,,,,50002220,연근
,,,,50002221,우엉
,,,,50002222,무
,,,,50002223,열무
,,,,50002224,마
,,,,50002226,부추
,,,,50002227,피망/파프리카
,,,,50002228,새싹채소
,,,,50002229,아스파라거스
,,,,50002231,죽순
,,,,50002233,알로에
,,,,50002460,브로콜리
,,,,50002461,건나물
,,,,50002462,산나물
,,,,50002463,삶은나물
,,,,50002234,기타채소류
,,,,50002196,오이
,,,,50002197,애호박
,,,,50002198,단호박
,,,,50002199,가지
,,,,50002200,양파
,,,,50002201,대파
,,,,50002202,쪽파
,,,,50002203,마늘
,,,,50002204,고추
,,,,50002205,버섯
,,,,50002206,생강
,,,,50002207,배추
,,,,50002209,상추
,,50001078,견과류,50002235,호두
,,,,50002236,땅콩
,,,,50002237,밤
,,,,50002238,대추
,,,,50002239,은행
,,,,50002240,아몬드
,,,,50002241,잣
,,,,50002242,캐슈너트
,,,,50002243,해바라기씨
,,,,50002244,마카다미아
,,,,50002245,피스타치오
,,,,50002246,피칸
,,,,50002247,호박씨
,,,,50002249,기타견과류
,,50001093,건과류,50002452,건자두
,,,,50002453,건포도
,,,,50002454,곶감
,,,,50002455,기타건과류
,,,,50002449,감말랭이
,,,,50002450,건망고
,,,,50002451,건바나나
50000146,반찬,50002015,절임류,,
,,50002016,조림류,,
,,50002017,반찬세트,,
,,50001916,장아찌,,
,,50001917,장조림,,
,,50002018,기타반찬류,,
50000147,김치,50002019,포기김치,,
,,50002020,갓김치,,
,,50002021,총각김치,,
,,50002022,깍두기,,
,,50002023,겉절이,,
,,50002024,나박김치,,
,,50002025,동치미,,
,,50002026,묵은지,,
,,50002027,백김치,,
,,50002028,열무김치,,
,,50002029,파김치,,
,,50002030,별미김치,,
,,50002031,절임배추,,
50000148,음료,50002032,생수,,
,,50002033,탄산수,,
,,50001079,청량/탄산음료,50002250,과즙탄산음료
,,,,50002251,에이드음료
,,,,50002252,무알콜음료
,,,,50002253,사이다
,,,,50002254,콜라
,,,,50002255,아이스티
,,,,50002256,이온음료
,,,,50002257,기타탄산음료
,,50001080,주스/과즙음료,50002258,감귤주스
,,,,50002259,오렌지주스
,,,,50002260,사과주스
,,,,50002261,망고주스
,,,,50002262,자몽주스
,,,,50002263,토마토주스
,,,,50002264,포도주스
,,,,50002265,기타과즙음료
,,50001082,차류,50002267,코코아
,,,,50002268,녹차
,,,,50002380,홍차
,,,,50002381,허브차
,,,,50002382,보이차
,,,,50002594,옥수수수염차
,,,,50002595,유자차
,,,,50002596,율무차
,,,,50006197,우엉차
,,,,50002384,기타차
,,50001081,커피,50002266,원두커피
,,,,50002605,캔커피
,,,,50002606,커피믹스/인스턴트커피
,,,,50005541,더치커피
,,,,50002607,프림
50000150,가공식품,50001083,라면,50002385,봉지라면
,,,,50002386,컵라면
,,50001084,면류,50002387,국수면
,,,,50002388,당면
,,,,50002389,스파게티면
,,,,50002390,냉면
,,,,50002391,칼국수면
,,,,50002392,소바
,,,,50002393,우동
,,,,50002394,쫄면
,,,,50002598,쌀국수면
,,,,50002599,소면
,,50002006,우유,,
,,50002007,두유,,
,,50001085,치즈,50002395,슬라이스치즈
,,,,50002396,피자치즈
,,,,50002397,크림치즈
,,,,50002398,기타치즈
,,50002008,시리얼,,
,,50001881,오트밀,,
,,50001882,통조림,,
,,50001883,밀가루,,
,,50001884,설탕,,
,,50001885,소금,,
,,50001086,조미료,50002399,고춧가루
,,,,50002400,식초
,,,,50002401,액젓
,,,,50002402,고추냉이
,,,,50007147,겨자
,,,,50002403,후추
,,,,50002404,기타조미료
,,50001087,식용유/오일,50002405,식용유
,,,,50002406,올리브유
,,,,50002407,카놀라유
,,,,50002408,포도씨유
,,,,50002409,해바라기씨유
,,,,50002410,들기름
,,,,50002411,참기름
,,,,50002412,기타기름
,,50001088,장류,50002413,고추장
,,,,50002414,된장
,,,,50002415,간장
,,,,50002416,청국장
,,,,50002417,쌈장
,,,,50002418,양념장
,,,,50002419,메주
,,,,50002420,기타 장류
,,50001089,소스,50002421,마요네즈
,,,,50002422,케첩
,,,,50002423,스파게티소스
,,,,50002424,기타소스
,,50001887,잼,,
,,50001888,떡,,
,,50001889,빵,,
,,50001890,케이크,,
,,50001891,즉석밥,,
,,50001892,죽,,
,,50001894,간편조리식,,
,,50001895,제빵/제과재료,,
,,50006198,파우더/스무디,,
,,50001753,튀김가루,,
,,50001754,기타분말가루,,
,,50001755,물엿,,
,,50001756,요구르트,,
,,50001757,생크림,,
,,50001758,마가린,,
,,50001759,버터,,
,,50001760,누룽지,,
,,50001761,스프,,
,,50001879,부침가루,,
,,50001880,빵가루,,
,,50001886,시럽,,
,,50001094,수산가공식품,50002600,맛살/게살
,,,,50002601,해물볶음류
,,,,50002602,해물찜류
,,,,50002603,해물탕류
,,,,50002604,해물튀김류
50000024,다이어트식품,50001907,다이어트차,,
,,50001908,식이섬유,,
,,50001910,다이어트바,,
,,50001911,가르시니아,,
,,50001912,CLA,,
,,50006953,곤약,50006954,곤약쌀
,,,,50006955,곤약젤리
,,,,50006957,기타곤약가공품
,,50001914,헬스보충제,,
,,50001915,뷰티푸드,,
,,50007037,콜라겐,,
,,50007038,와일드망고,,
,,50007039,잔티젠,,
,,50007040,카테킨,,
,,50007041,히알루론산,,
,,50007219,레몬밤,,
,,50001767,기타다이어트식품,,
50000149,과자,50001998,스낵,,
,,50001999,쿠키,,
,,50002000,초콜릿,,
,,50002001,사탕,,
,,50002002,껌,,
,,50002003,한과,,
,,50002004,전병,,
,,50002005,화과자,,
,,50001762,엿,,
,,50001763,젤리,,
,,50001764,푸딩,,
,,50001765,캐러멜,,
,,50001918,강냉이,,
,,50001919,강정,,
,,50001920,가공안주류,,
,,50001921,기타과자,,
50000025,아이스크림/빙수,50001865,아이스크림,,
,,50001866,빙수/빙수재료,,
50000026,냉동/간편조리식품,50001867,피자,,
,,50001868,핫도그,,
,,50001869,햄버거,,
,,50001870,딤섬,,
,,50001871,만두,,
,,50001872,채식푸드,,
,,50001873,샐러드,,
,,50001874,어묵,,
,,50001876,즉석국/즉석탕,,
,,50001877,튀김류,,
,,50006199,도시락,,
,,50001878,기타냉동/간편조리식품,,
50006349,전통주,50006351,탁주,,
,,50006353,약주,,
,,50006948,과실주,50006949,와인
,,,,50006950,복분자주
,,,,50006951,과일주
,,50006353,소주,,
,,50006354,일반증류주,,
,,50006355,리큐르주,,
,,50006952,전통주선물세트,,
,,50006356,기타주류,,
50006808,쿠킹박스,50006809,밥/죽,,
,,50006810,찌개/국,,
,,50006811,면/파스타,,
,,50006812,구이,,
,,50006813,볶음/튀김,,
,,50006814,조림/찜,,
,,50006815,간식/디저트,,
,,50006816,세트요리,,
50000027,등산,50001096,등산의류,50002633,세트
,,,,50002634,기능성언더웨어
,,,,50002627,재킷
,,,,50002628,점퍼
,,,,50002629,조끼
,,,,50002630,반팔티셔츠
,,,,50002631,긴팔티셔츠
,,,,50002632,바지
,,50001097,등산잡화,50002635,모자
,,,,50002636,장갑
,,,,50002637,양말
,,50001768,등산화,,
,,50001769,등산가방,,
,,50001098,등산장비,50002641,나침반
,,,,50002642,로프
,,,,50002643,GPS
,,,,50002644,물병
,,,,50002645,스틱
,,,,50002646,카라비너
,,,,50001303,기타등산장비
,,,,50002639,아이젠
,,,,50002640,스패츠
,,,,50002647,손난로
,,,,50002648,핫팩
50000028,캠핑,50001099,텐트,50002649,1-2인용
,,,,50002650,2-3인용
,,,,50002651,3-4인용
,,,,50002652,4-5인용
,,,,50003279,5-6인용
,,,,50002653,6-7인용
,,,,50002654,7-8인용
,,,,50002655,9인용 이상
,,50006378,텐트용품,,
,,50001773,야외용난로,,
,,50001771,천막,,
,,50001100,랜턴,50002656,손전등
,,,,50002657,실내등
,,,,50002658,헤드랜턴
,,50001772,다용도칼,,
,,50001101,취사용품,50006228,캠핑아이스박스
,,,,50002659,코펠
,,,,50002660,버너
,,,,50002662,더치오븐
,,,,50002663,바비큐그릴
,,,,50002664,캠핑컵
,,,,50002665,연료
,,,,50002666,휴대용가스렌지
,,,,50006384,부탄가스
,,,,50002667,기타취사용품
,,50001770,타프,,
,,50001775,침낭,,
,,50001777,캠핑테이블,,
,,50001776,캠핑의자,,
,,50001778,테이블세트,,
,,50001779,파라솔,,
,,50001304,기타캠핑용품,,
,,50005341,캠핑매트,,
,,50005342,야전침대,,
,,50005343,해먹,,
50000164,수영,50000998,남성수영복,50003049,남성사각
,,,,50003050,남성삼각
,,,,50003051,반신수영복
,,,,50003052,전신수영복
,,50000999,여성수영복,50005462,기타수영복
,,,,50003055,원피스수영복
,,,,50003056,비키니
,,,,50007016,모노키니
,,50001000,비치웨어,50003057,원피스
,,,,50003058,스커트
,,,,50006379,상의
,,,,50006380,팬츠
,,,,50006381,상하세트
,,,,50003063,커플비치웨어
,,50001001,수영용품,50003064,수영모
,,,,50003065,수경
,,,,50003066,귀마개
,,,,50003067,튜브
,,,,50003068,구명조끼
,,,,50003069,방수팩
,,,,50003070,수영가방
,,,,50003071,보트
,,,,50003072,스노클/마스크
,,,,50003073,오리발
,,,,50003074,조립식수영장
,,,,50003075,기타수영용품
50000053,스포츠액세서리,50001177,스코어보드/작전판,,
,,50001179,호각/호루라기,,
,,50001297,스포츠선글라스,,
,,50001301,스포츠헤어밴드,,
,,50001302,스포츠토시,,
,,50005302,볼캐리어,,
,,50006374,스포츠마스크,,
,,50006375,스포츠넥워머,,
,,50006376,아이스머플러/스카프,,
50000029,골프,50001102,골프클럽,50002668,드라이버
,,,,50002669,페어웨이우드
,,,,50002670,아이언
,,,,50002782,하이브리드/유틸리티
,,,,50002783,웨지
,,,,50002784,치퍼
,,,,50002785,퍼터
,,,,50002788,풀세트
,,,,50002786,연습용클럽
,,,,50002787,주니어용클럽
,,,,50002789,피팅헤드/샤프트
,,50001103,골프백,50002790,보스턴백
,,,,50002791,캐디백
,,,,50002792,하프백
,,,,50002793,항공커버
,,,,50002794,골프파우치
,,,,50002795,골프백세트
,,50001104,골프의류,50002796,티셔츠
,,,,50002797,니트
,,,,50002798,점퍼
,,,,50002799,재킷
,,,,50002800,조끼
,,,,50002801,바지
,,,,50002802,스커트
,,,,50006377,원피스
,,50001105,골프잡화,50002804,장갑
,,,,50002805,모자
,,,,50002806,양말
,,,,50002807,벨트
,,,,50002808,슈즈백
,,,,50002809,스파이크
,,50001740,골프화,,
,,50001741,골프공,,
,,50001106,골프연습용품,50002810,퍼팅용품
,,,,50002811,스윙용품
,,,,50002812,골프책
,,,,50002813,실외용품
,,50001107,골프필드용품,50002814,거리측정기
,,,,50002815,우산
,,,,50002816,레인코트
,,,,50002817,골프티
,,,,50002818,그립
,,,,50002819,헤드커버
,,,,50002820,기타필드용품
,,50001742,로스트볼,,
50000162,스키/보드,50000986,보드복,50002877,조끼
,,,,50002878,티셔츠
,,,,50002876,재킷
,,,,50002879,후드티
,,,,50002880,하의
,,,,50002881,상하세트
,,50001112,스키복,50002869,상의
,,,,50002870,하의
,,,,50002871,상하세트
,,50000988,스키/보드방한용품,50002982,귀마개
,,,,50002987,양말
,,,,50002985,반다나
,,,,50002986,비니
,,,,50002988,장갑
,,50000987,스노보드장비,50002882,데크
,,,,50002883,바인딩
,,,,50002980,부츠
,,,,50002981,스노보드세트
,,50000985,스키장비,50002872,부츠
,,,,50002873,폴
,,,,50002874,플레이트
,,,,50002875,스키세트
,,50000989,스키/보드용품,50002991,보드가방
,,,,50002992,보수장비
,,,,50002994,스티커용품
,,,,50002996,시즌권케이스
,,,,50002989,고글
,,,,50002993,보호대
,,,,50002995,헬멧
50000161,자전거,50001108,자전거/MTB,50002821,일반자전거
,,,,50002822,MTB
,,,,50002823,유사MTB
,,,,50002824,미니벨로
,,,,50002825,사이클
,,,,50002826,전기자전거
,,,,50002827,특수자전거
,,,,50002828,하이브리드
,,50001109,자전거용품,50002830,거치대
,,,,50002831,공구
,,,,50002832,물통
,,,,50002833,케이지
,,,,50002834,백미러
,,,,50002835,벨
,,,,50002836,보조바퀴
,,,,50002837,보호대
,,,,50002838,속도계
,,,,50002839,자전거가방
,,,,50002840,오일
,,,,50002841,세척제
,,,,50002842,자물쇠
,,,,50002843,자전거라이트
,,,,50002844,짐받이
,,,,50002845,펌프
,,,,50002846,헬멧
,,,,50002848,흙받이
,,,,50007148,바테이프
,,,,50002849,기타자전거용품
,,50001110,자전거부품,50002850,바엔드/그립
,,,,50002851,변속기
,,,,50002852,브레이크
,,,,50002853,스탠드
,,,,50002854,시트포스트
,,,,50002855,안장
,,,,50002856,체인
,,,,50002857,클릿/페달
,,,,50002858,타이어/튜브
,,,,50002859,프레임/포크
,,,,50002860,핸들바
,,,,50002861,휠셋/림/스프라켓
,,,,50002862,기타자전거부품
,,50001111,자전거의류/잡화,50002863,상의
,,,,50002864,하의
,,,,50002865,상하세트
,,,,50002866,신발
,,,,50002867,장갑
,,,,50003281,배낭
,,,,50002868,두건/밴드
50000163,낚시,50000991,낚시릴,50003002,베이트릴
,,,,50003003,스피닝릴
,,,,50003004,전동릴
,,,,50003005,플라이릴
,,50000993,루어낚시,50003010,하드베이트
,,,,50003011,소프트베이트
,,,,50003012,루어가방
,,,,50003013,바늘
,,,,50003014,루어로드케이스
,,,,50003015,루어낚시세트
,,50000994,민물낚시,50003016,떡밥
,,,,50003018,민물낚시가방
,,,,50003019,민물낚싯바늘
,,,,50003020,민물낚시세트
,,,,50003021,받침대/받침틀/뒤꽂이
,,,,50003022,얼음낚시
,,,,50003023,찌
,,,,50003024,찌케이스
,,50000995,바다낚시,50003026,밑밥
,,,,50003027,바다낚시가방
,,,,50003028,바다낚싯바늘
,,,,50003029,바다낚시세트
,,,,50003030,찌
,,,,50003031,찌케이스
,,50000996,낚시용품,50003033,낚시의자
,,,,50003034,낚시텐트
,,,,50003035,밑밥주걱
,,,,50003036,밑밥통/살림통
,,,,50003037,두레박
,,,,50003038,케미/집어등
,,,,50003039,봉돌/싱커
,,,,50003040,쿨백
,,,,50003041,태클박스
,,,,50003042,뜰채/망/꿰미
,,,,50003043,가프
,,,,50006916,기포기
,,,,50006917,어군탐지기
,,50000997,낚시의류/잡화,50003044,낚시복
,,,,50003045,낚시조끼
,,,,50003046,낚시신발
,,,,50003047,낚시장갑
,,,,50003048,낚시장화
,,,,50006914,모자
,,,,50006915,힙커버/힙가드
,,50000990,낚싯대,50002997,민물낚싯대
,,,,50002998,민물루어낚싯대
,,,,50002999,바다민장대
,,,,50003000,바다찌낚싯대
,,,,50003001,플라이낚싯대
,,,,50007050,바다루어낚싯대
,,,,50007051,바다원투낚싯대
,,,,50007052,바다선상낚싯대
,,50000992,낚싯줄,50003006,모노라인
,,,,50003007,카본라인
,,,,50003008,합사라인
,,,,50003009,플라이라인
,,50006888,낚시공구,50006889,플라이어/니퍼
,,,,50006890,가위/라인커터/핀온릴
,,,,50006891,포셉/바늘빼기
,,,,50006892,립그립/고기집게
,,,,50006893,도래
,,,,50006894,낚시칼
,,,,50007078,바늘결속기
,,,,50006895,기타낚시공구
50000030,헬스,50001002,러닝머신,50003076,접이식
,,,,50003077,고정식
,,50001603,헬스사이클,,
,,50001604,아령/덤벨,,
,,50007245,케틀벨,,
,,50001605,줄넘기,,
,,50001606,훌라후프,,
,,50001607,일립티컬,,
,,50001608,스텝퍼,,
,,50001609,트위스트,,
,,50001610,트램펄린,,
,,50001522,진동운동기,,
,,50001523,복근운동기구,,
,,50001524,거꾸리,,
,,50001525,벨트마사지,,
,,50001003,웨이트기구,50003157,벤치프레스
,,,,50003158,싯업벤치
,,,,50003159,웨이트용품
,,,,50003160,바벨
,,,,50003161,봉/바
,,,,50003162,복합헬스머신
,,,,50007246,스쿼트머신
,,50001004,헬스소품,50003163,짐볼
,,,,50003164,푸시업바
,,,,50006382,폼롤러
,,,,50003165,헬스장갑
,,,,50003166,모래주머니
,,,,50003167,손목근력기
,,,,50003168,악력기
,,,,50003169,완력기
,,,,50003170,기타헬스소품
,,50001526,승마운동기,,
50000035,오토바이/스쿠터,50006189,전동휠,,
,,50001546,오토바이,,
,,50007248,스쿠터,50007249,일반스쿠터
,,,,50007250,전동스쿠터
,,50001007,오토바이부품,50003177,오일
,,,,50003178,잠금장치
,,,,50003179,튜닝용품
,,,,50003280,기타오토바이부품
,,50001008,오토바이용품,50003180,헬멧
,,,,50003181,보호대
,,,,50003182,기타오토바이용품
,,50001009,오토바이의류/잡화,50003183,상의
,,,,50003184,하의
,,,,50003185,상하세트
,,,,50003186,바이크장갑
50000034,스케이트/보드/롤러,50001538,스케이트보드,,
,,50005286,핑거보드,,
,,50001540,스케이트보드용품,,
,,50001541,스네이크보드,,
,,50001542,아이스스케이트,,
,,50001543,롤러슈즈,,
,,50001544,킥보드,,
,,50001545,트라이스키,,
50000033,인라인스케이트,50005463,성인용,,
,,50001534,주니어,,
,,50006768,인라인용품,,
50000031,요가/필라테스,50001527,요가매트,,
,,50001005,요가복,50003171,상의
,,,,50003172,하의
,,,,50003173,상하세트
,,50001528,요가용품,,
,,50001529,필라테스,,
50000036,축구,50001548,축구화,,
,,50001549,풋살화,,
,,50001550,축구공,,
,,50001010,축구가방,50003188,슈즈백
,,,,50003189,필드용
,,50001551,축구장갑,,
,,50005247,축구의류,,
,,50001552,축구보호대,,
,,50001553,축구양말 ,,
,,50001554,축구연습용품,,
,,50001555,기타축구용품,,
50000037,야구,50001556,글러브,,
,,50001557,헬멧,,
,,50001558,야구화,,
,,50001559,야구배트,,
,,50001560,야구장갑,,
,,50001433,야구보호대,,
,,50001434,야구공,,
,,50001435,야구양말,,
,,50001436,야구가방,,
,,50005248,야구의류,,
,,50001180,포수장비,,
,,50001437,기타야구용품,,
50000038,농구,50001438,농구화,,
,,50001439,농구대,,
,,50001440,농구공,,
,,50005249,농구의류,,
,,50001441,농구공가방,,
,,50001442,기타농구용품,,
50000039,배구,50001443,배구공,,
,,50001444,배구네트,,
,,50005250,배구의류,,
,,50001445,배구화,,
,,50001447,기타배구용품,,
50000040,탁구,50001448,탁구라켓,,
,,50001449,탁구공,,
,,50001450,탁구대,,
,,50005251,탁구의류,,
,,50001451,탁구화,,
,,50001348,기타탁구용품,,
50000041,배드민턴,50001349,배드민턴라켓,,
,,50001350,배드민턴화,,
,,50001351,배드민턴가방,,
,,50001352,셔틀콕,,
,,50001353,스트링,,
,,50005252,배드민턴의류,,
,,50001354,그립,,
,,50001355,배드민턴네트,,
,,50001356,연습용품,,
,,50001357,기타배드민턴용품,,
50000046,스킨스쿠버,50001252,다이빙슈트,,
,,50001253,부력재킷,,
,,50001254,부츠,,
,,50001255,다이빙칼,,
,,50001256,글러브,,
,,50001257,게이지,,
,,50001258,기어백,,
,,50001259,레귤레이터,,
,,50001260,리트렉터,,
,,50001261,수중전등,,
,,50001262,수중총/작살,,
,,50001263,옥토퍼스,,
,,50001264,호스,,
,,50001265,납,,
,,50001266,기타스킨스쿠버용품,,
50000047,검도,50001267,죽도,,
,,50001268,죽도집/부속품,,
,,50001269,타격대,,
,,50001270,도복,,
,,50006844,검도보호용품,,
,,50001276,기타검도용품,,
50000042,테니스,50001358,테니스라켓,,
,,50001359,테니스화,,
,,50001360,테니스공,,
,,50005253,테니스의류,,
,,50001361,테니스가방,,
,,50001362,그립,,
,,50001363,스트링,,
,,50001364,기타테니스용품,,
50000043,스쿼시,50001365,스쿼시라켓,,
,,50001366,스쿼시공,,
,,50001368,기타스쿼시용품,,
50000044,족구,50001241,족구공,,
,,50001242,족구네트,,
,,50001243,족구의류,,
,,50001244,족구화,,
,,50001246,기타족구용품,,
50000045,볼링,50005254,볼링의류,,
,,50001247,볼링공,,
,,50001248,볼링용품,,
,,50001249,볼링화,,
,,50001250,아대,,
,,50001251,볼링가방,,
50000048,댄스,50005461,댄스복,,
,,50001278,댄스소품,,
50000049,권투,50001279,글러브,,
,,50007149,핸드랩,,
,,50001280,미트,,
,,50001281,샌드백,,
50000050,보호용품,50001282,마우스피스,,
,,50001283,머리보호대,,
,,50001284,급소보호대,,
,,50001285,몸통보호대,,
,,50001286,배보호대,,
,,50001287,팔보호대,,
,,50007238,테이핑요법,,
,,50007239,손목보호대,,
,,50007240,다리보호대,,
,,50007241,무릎보호대,,
,,50007242,발목보호대,,
,,50007243,허리보호대,,
,,50007244,어깨보호대,,
50000052,수련용품,50001291,무도복,,
,,50001292,수련화,,
,,50001293,띠/벨트,,
,,50001294,격파용품,,
,,50001295,교본,,
,,50001296,기타수련용품,,
50000051,무술용품,50001288,목검/가검,,
,,50001289,봉/곤/창,,
,,50001290,기타무술용품,,
50000020,마라톤용품,,,,
50000021,당구용품,,,,
50000022,기타스포츠용품,,,,
50000165,공구,50001020,목공공구,50003282,대패
,,,,50003283,샌더
,,,,50003284,트리머
,,,,50003285,조각기
,,,,50003286,톱
,,,,50003287,홀쏘
,,50001021,설비공구,50003288,배관용품
,,,,50003289,컷터기
,,,,50003290,확관기
,,,,50003358,코아드릴
,,,,50003359,파이프머신
,,50001022,용접공구,50003360,용접기
,,,,50003361,용접봉
,,,,50003362,용접용품
,,,,50003363,인두기
,,,,50003364,인두용품
,,,,50003365,절단기
,,,,50003366,해빙기
,,50001023,예초기,50003367,가스예초기
,,,,50003368,엔진예초기
,,,,50003369,충전/전기예초기
,,,,50003370,예초기부품
,,50001024,원예공구,50003371,농기구
,,,,50003372,압축분무기
,,,,50003373,비료살포기
,,,,50003374,원예가위
,,,,50003375,잔디깎이
,,,,50003376,호스/호스카트
,,,,50003377,스프링쿨러
,,,,50003378,기타원예공구
,,,,50006194,농기계
,,50001025,에어공구,50003379,에어건
,,,,50003380,에어렌치
,,,,50003381,에어스프레이건
,,,,50003382,에어타카
,,,,50003383,에어호스/게이지
,,,,50003384,컴프레서
,,,,50003385,유압공구
,,,,50003386,기타에어공구
,,50001026,수작업공구,50003387,공구세트
,,,,50003388,공구함
,,,,50003389,니퍼
,,,,50003390,도끼
,,,,50003391,드라이버
,,,,50003392,렌치
,,,,50003393,망치
,,,,50003394,몽키
,,,,50003395,복스
,,,,50003396,스패너
,,,,50003397,타카
,,,,50003398,타카핀
,,,,50003399,펜치
,,,,50003400,플라이어
,,,,50003401,바이스
,,,,50003402,핀셋
,,,,50003403,작업대
,,,,50003404,기타수작업공구
,,50001027,전동공구,50003405,드릴세트
,,,,50003406,비트세트
,,,,50003408,청소기
,,,,50003409,광택기
,,,,50003410,송풍기
,,,,50003411,열풍기
,,,,50003412,전동공구액세서리
,,,,50003413,전동드릴
,,,,50003414,충전드릴
,,,,50003415,해머드릴
,,,,50003416,컷쏘
,,,,50003417,기타전동공구
,,50001028,절삭공구,50003418,각도/고속절단기
,,,,50003419,그라인더
,,,,50003420,그라인더날
,,,,50003421,다용도조각기
,,,,50003422,루터
,,,,50003423,루터날
,,,,50003424,직소기
,,,,50003425,직소기날
,,50001029,측정공구,50003426,레이저측정기
,,,,50003427,산업용저울
,,,,50003428,수평기
,,,,50003429,온도계/습도계
,,,,50003430,염도계
,,,,50003431,워킹자/줄자
,,,,50003432,캘리퍼스
,,,,50003433,테스트기
,,,,50003434,방사능측정기
,,,,50003435,조도계
,,,,50003436,음주측정기
,,,,50003437,흡연측정기
,,,,50003438,산소포화도측정기
,,,,50003439,기타측정기
,,50001030,소형기계,50003440,펌프
,,,,50003441,모터
,,,,50003442,발전기
,,,,50003443,기타소형기계
,,50001031,안전용품,50003444,보안경
,,,,50003445,마스크
,,,,50003446,소방용품
,,,,50003447,소화기
,,,,50003448,안전/작업복
,,,,50003449,안전모
,,,,50003450,안전장갑
,,,,50003451,안전표시/신호
,,,,50003452,안전화
,,,,50003453,비상/구난용품
,,,,50003454,기타안전용품
,,50001032,전기용품,50003455,멀티탭
,,,,50003456,일회용 건전지
,,,,50003457,일회용 리튬건전지
,,,,50003458,충전용 건전지/배터리
,,,,50003459,기타전기용품
,,50001033,접착용품,50003460,글루건
,,,,50003461,세정제/클리너
,,,,50003462,스프레이
,,,,50003463,윤활유
,,,,50003464,실리콘
,,,,50003465,접착제
,,,,50006193,시멘트/몰탈
,,50001034,체결용품,50003466,나사
,,,,50003467,리벳
,,,,50003468,못
,,,,50003469,볼트/너트
,,,,50003623,스프링
,,,,50003528,핀
,,,,50003529,홀딩클램프
,,50001035,페인트,50003530,수성페인트
,,,,50003531,유성페인트
,,,,50003532,락카/스프레이페인트
,,50001036,페인트용품,50003533,젯소
,,,,50003534,바니시
,,,,50003535,스테인
,,,,50003536,에폭시
,,,,50003537,붓
,,,,50003538,롤러
,,,,50006192,방수제
,,,,50003539,기타페인트용품
,,50001037,운반용품,50003540,사다리
,,,,50003541,핸드카트/운반기
,,,,50006195,지게차
,,50001038,포장용품,50003542,밴딩기
,,,,50003543,택배박스
,,,,50003544,택배봉투
,,,,50003545,테이프
,,,,50003546,커터
,,,,50003547,리본
,,,,50003548,포장지
,,,,50006878,선물박스
50000158,문구/사무용품,50001039,다이어리/플래너,50003549,스케줄러/플래너
,,,,50003550,다이어리
,,,,50003551,캘린더/달력
,,,,50003552,바인더
,,,,50003553,속지/포켓
,,,,50003555,가계부
,,50001040,노트/수첩,50003556,노트
,,,,50003557,노트패드
,,,,50003558,점착식메모지
,,,,50003559,수첩
,,,,50003560,메모지
,,50001041,필기도구,50003563,리필심
,,,,50003564,만년필
,,,,50003565,매직
,,,,50003566,네임펜
,,,,50003567,보드마카
,,,,50003568,볼펜
,,,,50003569,분필
,,,,50003570,사인펜
,,,,50003571,샤프
,,,,50003572,샤프심
,,,,50003573,연필
,,,,50003574,연필깎이
,,,,50003575,잉크
,,,,50003576,펜
,,,,50003577,필기구세트
,,,,50003578,형광펜
,,,,50003579,기타필기도구
,,,,50007548,필통
,,,,50007568,붓펜
,,50001042,앨범,50003581,접착식앨범
,,,,50003582,포켓식앨범
,,,,50003583,포토박스
,,,,50003584,폴라로이드앨범
,,50001043,보드/칠판,50003585,네온보드
,,,,50003586,메모판/미니보드
,,,,50003587,블랙보드
,,,,50003588,전자칠판
,,,,50003589,칠판
,,,,50003590,코르크/게시판
,,,,50003591,화이트보드
,,50001044,데스크용품,50003592,데스크패드
,,,,50006877,데스크정리함
,,,,50003593,독서대
,,,,50003594,북엔드
,,,,50003595,문진
,,,,50003597,연필꽂이
,,,,50003598,메모꽂이
,,,,50007688,저금통
,,,,50007689,문서보관함/서류함
,,,,50007708,서류꽂이/서류받침대
,,,,50007728,명함꽂이
,,50001047,용지,50003732,복사지
,,,,50003733,견출지
,,,,50003734,라벨지
,,,,50003735,양식/서식지
,,,,50003736,인화지/포토용지
,,,,50003737,컬러복사지
,,,,50003738,코팅지/필름지
,,,,50003739,팩스용지/전산용지
,,,,50003740,기타용지
,,50001048,사무기기,50003741,OHP
,,,,50003742,공학용계산기
,,,,50003743,일반계산기
,,,,50003744,금고
,,,,50003745,금전등록기
,,,,50003746,동전계수기
,,,,50003747,디지털복사기
,,,,50003748,문서세단기
,,,,50003749,수표발행기
,,,,50003750,실물화상기
,,,,50003751,재단기
,,,,50003752,전자타자기
,,,,50003753,접지기
,,,,50003754,제본기
,,,,50003755,지폐계수기
,,,,50003756,천공기
,,,,50003757,출퇴근기록기
,,,,50003758,코팅기
,,,,50003759,팩스
,,50000921,제도용품,50003761,제도용자
,,,,50003762,제도용지
,,,,50003763,제도용필기구
,,,,50003764,제도판
,,,,50003765,기타제도용품
,,50000922,이벤트/파티용품,50003766,가면/머리띠
,,,,50003767,데코용품
,,,,50003768,야광용품
,,,,50003770,식기/테이블용품
,,,,50003771,폭죽/불꽃놀이
,,,,50003773,고깔모자
,,,,50003774,가랜드
,,,,50003775,풍선/풍선용품
,,,,50007668,태극기
,,,,50007649,케이크토퍼
,,50007588,스티커/테이프,50007608,스티커
,,,,50007628,네임스티커
,,,,50007648,마스킹테이프
,,,,50007629,테이프
,,50007748,스탬프/도장,50007669,스탬프
,,,,50007768,스탬프패드
,,,,50007769,도장
,,,,50007788,인주
,,50007749,문구용품,50007828,사무용가위
,,,,50007848,사무용칼
,,,,50007868,펀치
,,,,50007809,모양펀치
,,,,50007888,다이모/엠보서
,,,,50007908,지우개
,,,,50007928,수정용품
,,,,50007909,자
,,,,50007849,자석
,,,,50007750,풀/접착제
,,,,50007968,클립/핀
,,,,50007988,집게
,,,,50007770,스테이플러/침
,,,,50008008,북마크
,,,,50007969,문구세트
,,,,50008888,기타문구용품
,,50008028,파일/바인더,50008048,바인더
,,,,50008068,파일
,,,,50008088,파일속지
,,,,50008049,서류철/결재판
,,50008108,지도/지구본,50008109,세계지도
,,,,50008128,국내지도
,,,,50008129,지구본
,,50008110,카드/엽서/봉투,50008130,카드
,,,,50008131,편지지
,,,,50008148,엽서
,,,,50008069,봉투
,,,,50008149,청첩장
,,,,50008111,모바일초대장
,,50008248,사무용품,50008268,명패
,,,,50008249,명찰
,,,,50008288,현수막
,,,,50008308,상패
,,,,50008328,명함/전단지제작
50000054,화방용품,50000923,서예/동양화용품,50003777,먹
,,,,50003778,먹물
,,,,50003779,벼루
,,,,50003780,연적
,,,,50003781,문진
,,,,50003782,전각재료
,,,,50003783,멍석
,,50000924,미술도구수납용품,50003784,아트백
,,,,50003785,화구통/박스
,,,,50003786,붓통/케이스
,,50000925,미술보조용품,50003787,이젤
,,,,50003788,팔레트
,,,,50003789,물통
,,,,50003790,컬러가이드
,,,,50003791,토시/앞치마/장갑
,,,,50003792,목각인형
,,,,50003793,아크릴판
,,,,50003794,보조제/접착제/정착제
,,50000926,전문지류/미술지류,50003796,캔버스/판넬
,,,,50003797,스케치북/크로키북
,,,,50003798,미술용지
,,,,50003799,한지/공예용지
,,,,50003800,화선지
,,,,50003801,골판지
,,,,50003802,간지
,,,,50003803,색종이/종이접기
,,50000927,페인트/염료/잉크,50003881,페인트
,,,,50003882,염료
,,,,50003883,잉크
,,50000928,붓,50003884,구성붓/세필붓
,,,,50003885,수채화붓
,,,,50003886,유화붓
,,,,50003887,아크릴붓
,,,,50003888,서예/동양화붓
,,50000929,물감/포스터컬러,50003889,수채화물감
,,,,50003890,유화물감
,,,,50003891,아크릴물감
,,,,50003892,동양화물감
,,,,50003893,포스터컬러
,,50000930,스케치/드로잉용품,50003894,목탄/콘테
,,,,50003895,수채색연필
,,,,50003896,유성색연필
,,,,50003897,파스텔
,,,,50003898,오일파스텔
,,,,50003899,마카
,,,,50003900,크레파스
,,50000931,애니메이션용품,50003901,라이트박스
,,,,50003902,만화원고지
,,,,50003903,펜촉/펜대
,,,,50003904,스크린톤
,,50000636,우드락/폼보드,,
,,50000932,조소/판화용품,50003905,조소용품
,,,,50003906,찰흙/점토
,,,,50003907,클레이
,,,,50003908,판화용품
50000057,관상어용품,50000380,사료,,
,,50000381,수조장식용품,,
,,50000382,수조청소용품,,
,,50000383,수족관/어항,,
,,50000384,수초,,
,,50000385,에어/기포,,
,,50000386,모터,,
,,50000387,히터,,
,,50000388,조명,,
,,50000389,여과기/여과제,,
50000056,수집품,50000949,게임,50004131,다트
,,,,50004132,보드게임
,,,,50004133,마술도구
,,50000950,퍼즐/블록,50004134,퍼즐
,,,,50004135,블록
,,50000951,모형/프라모델/피규어,50004136,모형
,,,,50004278,다이캐스트
,,,,50004279,밀리터리
,,,,50004280,프라모델
,,,,50006829,프라모델용품
,,,,50007028,피규어
,,,,50007029,보관용품
,,50000952,무선/RC,50006129,드론
,,,,50004281,보트/배
,,,,50004282,자동차
,,,,50004283,탱크
,,,,50004284,중장비
,,,,50004285,헬기
,,,,50004286,비행기
,,,,50004287,RC소품
,,50000954,서바이벌,50004292,보호장비
,,,,50004293,서바이벌용품
,,,,50004294,건(GUN)
,,50000955,화폐,50004295,지폐
,,,,50004296,주화
,,50000956,우표/씰,50004297,우표
,,,,50004298,씰
,,,,50000374,LP
,,,,50000375,공예품
,,50000957,중고도서,50004299,도서
,,,,50004300,만화
,,50000958,코스튬플레이,50004301,의상
,,,,50004302,소품
,,50000376,포스터,,
,,50000378,이색수집품,,
,,50000373,서예/글씨,,
,,50007079,아이돌굿즈,50007080,포토/브로마이드
,,,,50007081,스티커
,,,,50007082,문구사무용품
,,,,50007083,텀블러/물병
,,,,50007084,응원봉
,,,,50007085,휴대폰용품
,,,,50007086,기타굿즈
50000055,자동차용품,50000933,DIY용품,50003909,도색용품
,,,,50003910,레진
,,,,50003911,접착제
,,,,50003912,보호필름
,,,,50003913,시트지
,,,,50003914,DIY전구
,,,,50003915,LED소자
,,,,50003916,릴레이
,,,,50003918,스위치
,,,,50003919,전기용품
,,,,50003920,휴즈
,,,,50003921,공구
,,50000934,램프,50003922,실내등
,,,,50003923,안개등
,,,,50003924,전조등
,,,,50003925,테일램프
,,,,50003926,방향지시등
,,,,50003927,기타램프용품
,,50000935,차량실내용품,50003928,바닥매트
,,,,50006830,목쿠션
,,,,50006831,등쿠션
,,,,50006832,팔/틈새쿠션
,,,,50006833,방석
,,50000637,배터리,,
,,50000936,배터리용품,50003929,배터리충전기
,,,,50003930,점프선
,,,,50003931,터미널
,,,,50003932,기타배터리용품
,,50000937,공기청정용품,50003934,에어컨필터
,,50000938,세차용품,50003935,광택기
,,,,50003936,컴프레셔
,,,,50003938,먼지털이개
,,,,50003939,브러시
,,,,50003940,세차도구세트
,,,,50003941,세차물통
,,,,50003942,세차장갑
,,,,50003943,스펀지
,,,,50003944,타월/융
,,,,50003945,가죽클리너
,,,,50003946,광택코팅제
,,,,50003947,세차패키지
,,,,50003948,카샴푸
,,,,50003949,타이어세정광택제
,,,,50003950,휠세정광택제
,,,,50003952,스티커제거제/타르제거제
,,,,50003953,엔진룸세척
,,,,50003954,유리코팅제
,,,,50003955,유리세정제
,,,,50003956,유리복원제
,,,,50003957,김서리방지제
,,,,50003958,정전기방지
,,,,50003959,차량용커버
,,,,50003960,컴파운드
,,,,50003937,호스
,,50000939,키용품,50003962,시동경보기
,,,,50003963,스마트키
,,,,50003964,스킨
,,,,50003965,스타트버튼
,,,,50003966,키노브
,,,,50003967,키케이스
,,,,50003969,폴딩키
,,50000638,시트커버,,
,,50000940,편의용품,50003970,차량용가습기
,,,,50003971,차량용공기청정기
,,,,50003972,차량용냉/온장고
,,,,50003973,차량용면도기
,,,,50003974,차량용보온컵
,,,,50003975,차량용선풍기
,,,,50004044,차량용온풍기
,,,,50004045,차량용청소기
,,50000941,오일관리,50004046,미션오일
,,,,50004047,미션오일첨가제
,,,,50004048,부동액
,,,,50004049,브레이크오일
,,,,50004050,엔진오일첨가제
,,,,50004051,연료첨가제
,,,,50004052,오일세트
,,,,50004053,오일필터
,,,,50004054,엔진오일
,,,,50004055,연비향상오일
,,,,50004056,기타오일용품
,,50000942,익스테리어용품,50004057,스티커
,,,,50004058,엠블럼
,,,,50004059,가드
,,,,50004060,몰딩
,,,,50004061,사이드미러
,,,,50004062,후사경
,,,,50004063,선루프
,,,,50004064,선바이저
,,,,50004065,에어로파츠
,,,,50004066,와이퍼
,,,,50004067,워셔액
,,,,50004068,도어스커프
,,,,50004069,번호판볼트
,,,,50004070,사이드스텝
,,,,50004071,안테나볼
,,,,50004072,폴대
,,,,50004073,후드핀
,,,,50004074,캐리어
,,,,50004075,루프박스
,,50000943,인테리어용품,50004076,기어용품
,,,,50004077,대시보드커버
,,,,50004078,룸미러
,,,,50004079,룸미러커버
,,,,50004080,보조룸미러
,,,,50004081,몰딩
,,,,50004082,썬팅필름
,,,,50004083,안전벨트
,,,,50004084,차량용나침반
,,,,50004085,차량용시계
,,,,50004086,차량용장식소품
,,,,50004087,차량용재떨이
,,,,50004088,차량용사진액자
,,,,50004089,페달용품
,,,,50004090,핸들
,,,,50004091,핸들커버
,,,,50004092,햇빛가리개
,,,,50004093,주차번호판
,,50000944,전기용품,50004094,소켓/시거잭
,,,,50004095,인버터
,,,,50004096,전류전압안정기
,,,,50004097,접지케이블
,,,,50004098,차량용태양열충전기
,,,,50004099,차량용AC어댑터
,,,,50004100,컨버터
,,50000945,수납용품,50004101,CD바이저
,,,,50004102,논슬립패드
,,,,50004103,선글라스클립
,,,,50004104,옷걸이/후크/행거
,,,,50004105,콘솔박스
,,,,50004106,트렁크정리함
,,,,50004107,포켓
,,,,50004108,홀더
,,,,50004109,휴지통
,,,,50004111,우산걸이
,,,,50004112,테이블
,,50000946,휴대폰용품,50004113,차량용휴대폰거치대
,,,,50004114,차량용휴대폰충전기
,,50000424,스노우체인,,
,,50000947,타이어/휠,50004115,휠
,,,,50004116,휠용품
,,,,50004117,타이어
,,,,50004118,타이어용품
,,50000948,튜닝용품,50004119,냉각
,,,,50004120,배기/흡기튜닝
,,,,50004121,브레이크
,,,,50004122,서스펜션
,,,,50004123,엔진튠업
,,,,50004124,점화케이블
,,,,50004125,점화플러그
,,,,50004126,계기판
,,,,50004127,게이지
,,,,50004128,혼
,,,,50004129,레이싱용품
,,,,50004130,기타튜닝용품
,,50000423,차량용케이블,,
50000156,악기,50000959,피아노,50004303,그랜드피아노
,,,,50004304,디지털피아노
,,,,50004305,일반피아노
,,,,50004306,피아노용품
,,50000868,기타(guitar),50004307,베이스기타
,,,,50004308,어쿠스틱기타
,,,,50004309,오베이션기타
,,,,50004310,우쿨렐레
,,,,50004311,일렉기타
,,,,50004312,클래식기타
,,50000869,건반악기,50004314,멜로디언
,,,,50004315,아코디언
,,,,50004316,오르간
,,,,50004319,실로폰
,,,,50004320,키보드/신시사이저
,,50000870,현악기,50004321,만돌린
,,,,50004322,바이올린
,,,,50004323,베이스
,,,,50004324,비올라
,,,,50004325,전자바이올린
,,,,50004327,첼로
,,,,50004328,하프
,,,,50004329,기타현악기
,,,,50004330,케이스
,,,,50004331,활
,,,,50004332,현악기소품/부품
,,50000871,관악기,50004333,색소폰
,,,,50004334,오카리나
,,,,50004335,클라리넷
,,,,50004336,트럼펫
,,,,50004337,팬플루트
,,,,50004338,플룻
,,,,50004339,호른
,,,,50004340,휘슬
,,,,50004341,오보에
,,,,50004342,피콜로
,,,,50004343,바순
,,,,50004344,트롬본
,,,,50004345,튜바
,,,,50004346,유포니움
,,,,50004347,리코더
,,,,50004348,관악기소품/부품
,,50000872,타악기,50004349,드럼
,,,,50004350,스틱/스탠드
,,,,50004351,심벌즈
,,,,50004352,전자드럼
,,,,50004354,기타타악기
,,,,50004353,타악기소품/부품
,,50000873,국악기,50004355,가야금
,,,,50004356,거문고
,,,,50004357,꽹과리
,,,,50004358,단소
,,,,50004359,대금
,,,,50004360,북
,,,,50004361,소금
,,,,50004362,장구
,,,,50004363,징
,,,,50004364,해금
,,,,50004365,기타국악기
,,,,50004366,국악기/소품/부품
,,50000874,음향기자재,50004367,메트로놈
,,,,50004368,보면대
,,,,50004369,스탠드
,,,,50004370,앰프
,,,,50004371,이펙터
,,,,50004372,튜너기
,,,,50004373,파워믹서
,,50000875,기타악기,50004374,핸드벨
,,,,50004375,탬버린
,,,,50004376,하모니카
,,,,50004485,기타교육용악기
50000059,DVD,50000879,영화,50004511,국내영화
,,,,50004512,해외영화
,,50000880,드라마,50004513,국내TV드라마
,,,,50004514,해외TV드라마
,,50000236,애니메이션,,
,,50000237,뮤직비디오,,
,,50000238,취미/스포츠,,
,,50000239,종교,,
,,50000240,교육,,
,,50000241,교양/다큐멘터리,,
,,50000242,유아/어린이,,
50000058,음반,50000234,국내앨범,,
,,50000235,해외앨범,,
50000155,반려동물,50006630,강아지 사료,50006631,건식사료
,,,,50006632,소프트사료
,,,,50006633,습식사료
,,,,50006634,수제사료
,,,,50006635,분유/우유
,,,,50008289,동결건조 사료
,,50006636,강아지 간식,50006637,개껌
,,,,50006638,육포/건조간식
,,,,50006639,수제간식
,,,,50006640,비스킷/스낵
,,,,50006641,동결건조 간식
,,,,50006642,캔/파우치
,,,,50006643,트릿/스틱
,,,,50006644,통살/소시지
,,,,50006645,음료
,,,,50008408,빵/케이크
,,50006646,강아지 배변용품,50006647,배변패드
,,,,50006648,배변판
,,,,50006649,기저귀/팬티
,,,,50006650,탈취제/소독제
,,,,50006652,배변유도제
,,,,50006653,배변봉투/집게
,,50006654,강아지 건강/관리용품,50006655,영양제
,,,,50006657,눈/귀 관리용품
,,,,50006656,강아지유산균
,,,,50006658,치약
,,,,50006659,칫솔
,,,,50006660,구강청결제
,,,,50006661,구강티슈
,,50006662,미용/목욕,50006663,샴푸/린스/비누
,,,,50006664,에센스/향수/밤
,,,,50006665,브러쉬/빗
,,,,50006666,이발기
,,,,50006667,미용가위
,,,,50006668,발톱/발 관리
,,,,50006669,드라이기/드라이룸
,,,,50006670,타월/가운
,,,,50008348,물티슈/크리너
,,,,50008309,샤워기/욕조
,,,,50006671,기타 미용/목용용품
,,50006673,강아지 장난감/훈련,50006674,노즈워크
,,,,50006675,장난감/토이
,,,,50006676,공/원반
,,,,50006677,훈련용품
,,,,50008508,자동장난감
,,50006678,고양이 사료,50006679,건식사료
,,,,50006680,습식사료
,,,,50006682,수제사료
,,,,50006683,분유/우유
,,,,50008388,동결건조 사료
,,50006684,고양이 간식,50006685,캔/파우치
,,,,50006686,수제간식
,,,,50006687,육포/건조간식
,,,,50006688,동결건조 간식
,,,,50006689,트릿/스틱
,,,,50006690,통살/소시지
,,,,50006691,비스킷/스낵
,,,,50006692,캣닢/캣그라스
,,,,50006693,음료
,,,,50008368,빵/케이크
,,50006694,고양이 배변용품,50006695,응고형모래
,,,,50006696,흡수형모래
,,,,50006697,후드형화장실
,,,,50008389,자동화장실
,,,,50006698,평판형화장실
,,,,50006699,거름망형화장실
,,,,50006700,배변패드
,,,,50006701,탈취제/소독제
,,,,50006702,매트/발판
,,,,50006703,분변통/모래삽
,,50006704,고양이 건강/관리용품,50006705,영양제
,,,,50006706,고양이유산균
,,,,50006707,구강관리용품
,,,,50008488,눈/귀 관리용품
,,50006717,고양이 캣타워,,
,,50006718,고양이 장난감,50006719,낚시/막대
,,,,50006720,토이/쿠션/공
,,,,50006721,터널/주머니
,,,,50006722,자동장난감
,,,,50006922,레이저포인터
,,,,50006723,스크래쳐
,,50006724,리빙용품,50006725,쿠션/방석
,,,,50006725,하우스
,,,,50006725,매트
,,,,50008369,계단/스텝
,,,,50008409,안전문
,,,,50008428,울타리
,,,,50008448,넥카라
,,,,50008468,침대/해먹
,,50006728,패션용품,50006729,패딩
,,,,50007150,플리스
,,,,50007151,재킷/점퍼
,,,,50007152,베스트/조끼
,,,,50006730,올인원
,,,,50007153,원피스/드레스
,,,,50007154,팬츠/스커트
,,,,50006731,티셔츠/후드
,,,,50007155,셔츠/블라우스
,,,,50007156,니트/스웨터
,,,,50007157,레인코트
,,,,50007158,코스튬
,,,,50006732,한복
,,,,50007159,커플룩
,,,,50007160,수영복/구명조끼
,,,,50007161,스카프/목도리/케이프
,,,,50007165,헤어핀/주얼리
,,,,50007162,가방
,,,,50007163,신발/양말
,,,,50007164,안경/모자
,,,,50006733,기타 액세서리
,,50006734,식기/급수기,50006735,식기/식탁
,,,,50006736,자동급식기
,,,,50006737,급수기/물병
,,,,50006738,정수기/필터
,,,,50006739,사료통/사료스푼
,,50006740,이동장/외출용품,50006741,이동장/이동가방
,,,,50006742,유모차
,,,,50006743,카시트
,,50006747,야외용품,50006748,목줄
,,,,50006749,가슴줄
,,,,50006750,목걸이/인식표
,,,,50006751,리드줄
,,50000229,햄스터용품,,
,,50000230,고슴도치용품,,
,,50000231,토끼용품,,
,,50000232,조류용품,,
,,50000233,기타반려동물용품,,
,,50008469,서비스,50008429,장례용품
,,,,50008449,파티용품
50000060,종교,50000243,불교용품,,
,,50000244,천주교용품,,
,,50000245,기독교용품,,
50000157,욕실용품,50000896,비데/비데용품,50004853,기계식비데
,,,,50004854,렌탈비데
,,,,50004855,비데필터
,,,,50002269,전자식비데
,,50000897,욕조/반신욕용품,50002270,이동식욕조
,,,,50002271,반신욕조
,,,,50002272,욕조트레이/소품
,,,,50008470,월풀욕조/매립욕조
,,50000898,욕실잡화,50002274,변기커버
,,,,50002279,욕실세트
,,,,50002284,욕실의자
,,,,50002286,욕실화
,,,,50002288,바가지
,,,,50002294,세숫대야
,,,,50002297,여행용세트
,,50000899,샤워기/수전용품,50002299,샤워기
,,,,50002300,샤워호스
,,,,50002302,수도/수전용품
,,,,50002305,녹물제거/샤워기필터
,,,,50002306,배수구캡
,,,,50002307,욕실부속품
,,50000900,면도용품,50002308,면도기
,,,,50002309,면도기날
,,50008568,수건/타월,50008588,세면타월
,,,,50008608,바스/비치타월
,,,,50008290,주방수건
,,50008628,욕실장/선반,50008648,욕실선반
,,,,50008609,욕실수납장
,,50008528,샤워/목욕용품,50008548,샤워커튼/커튼봉
,,,,50008529,목욕바구니
,,,,50008370,샤워볼
,,,,50008471,때타월/때장갑
,,,,50008530,샤워용품
,,,,50008531,샤워가운
,,,,50008472,바디브러시
,,50008509,욕실청소용품,50008668,변기솔
,,,,50008688,욕실청소도구
,,,,50008629,뚫어뻥
,,50008708,욕실용기/홀더,50008649,디스펜서
,,,,50008650,칫솔통/걸이
,,,,50008709,양치컵
,,,,50008728,비눗갑/홀더/받침
,,,,50008510,휴지걸이
,,,,50008511,수건걸이
,,,,50008748,치약짜개
,,50008768,욕실발판/욕실매트,50008669,미끄럼방지매트
,,,,50008788,욕실발판/매트
,,50008808,위생도기,50008828,양변기
,,,,50008610,세면대
50000062,세탁용품,50002034,다림판,,
,,50002035,다림풀,,
,,50000901,빨래건조대,50002310,이동접이식
,,,,50002311,천장부착식
,,50002036,빨래바구니,,
,,50002037,빨래삶통,,
,,50002038,빨랫줄,,
,,50002039,빨래집게,,
,,50002040,빨래판,,
,,50002041,세탁망,,
,,50002042,세탁볼,,
,,50002043,세탁솔,,
,,50002044,세탁잡화,,
50000063,건강측정용품,50000902,체중계,50002312,디지털체중계
,,,,50002313,아날로그체중계
,,50002045,만보계,,
,,50002046,신장계,,
,,50002047,체온계,,
,,50002049,혈압계,,
,,50002050,심박계,,
,,50002051,청진기,,
50000064,건강관리용품,50002052,건강목걸이,,
,,50002053,건강팔찌,,
,,50002054,금연용품,,
,,50002055,뜸/뜸기구,,
,,50002056,수지침,,
,,50002057,먼지차단마스크,,
,,50002058,수액시트,,
,,50002059,지압기,,
,,50002060,코건강용품,,
,,50002061,코클리너,,
,,50002062,파라핀용품,,
,,50006130,전자담배,,
,,50006131,전자담배 액세서리,,
,,50006958,소음방지귀마개,,
,,50002063,기타건강관리용품,,
50000065,당뇨관리용품,50002064,침/바늘,,
,,50002065,혈당측정지,,
,,50002066,혈당계,,
50000070,좌욕/좌훈용품,50001929,좌욕기,,
,,50001930,좌훈기,,
50000061,주방용품,50000881,식기,50004515,공기
,,,,50004516,대접
,,,,50004517,공기대접세트
,,,,50004518,단반상기
,,,,50004519,디저트세트
,,,,50004520,면기
,,,,50004521,반상기
,,,,50004522,볼
,,,,50004523,소스기
,,,,50004524,수저
,,,,50004525,수저받침
,,,,50004526,수저통
,,,,50004527,양식기
,,,,50004528,접시
,,,,50004529,찬기
,,,,50004530,티스푼
,,,,50004531,티포크
,,,,50004532,티스푼/티포크세트
,,,,50004533,홈세트
,,,,50004534,식판
,,,,50004535,어린이식기
,,50000882,잔/컵,50004536,다기/주기
,,,,50004537,머그
,,,,50004538,유리컵
,,,,50004539,찻잔
,,,,50004540,텀블러
,,,,50004541,플라스틱컵
,,,,50004542,와인잔
,,,,50004543,샴페인잔
,,,,50005256,스텐컵
,,50000883,냄비/솥,50004544,곰솥/들통
,,,,50004545,냄비부자재
,,,,50004546,냄비세트
,,,,50004547,돌솥
,,,,50004548,뚝배기
,,,,50004549,압력솥
,,,,50004550,양수냄비
,,,,50004551,전골냄비
,,,,50004552,전자레인지/오븐 용기
,,,,50004553,직화냄비
,,,,50004554,찜기
,,,,50004555,편수냄비
,,50000884,프라이팬,50004556,구이팬
,,,,50004557,궁중팬/튀김팬
,,,,50004558,양면팬
,,,,50004559,일반프라이팬
,,,,50004560,프라이팬세트
,,50000885,주전자/티포트,50004561,주전자
,,,,50004562,티세트
,,,,50004563,티포트
,,50000886,보관/밀폐용기,50004564,김치통
,,,,50004565,도시락/찬합
,,,,50004566,도자기/유리용기
,,,,50004567,물병
,,,,50004568,물통
,,,,50004569,법랑용기
,,,,50004570,비닐접착기
,,,,50004571,스텐용기
,,,,50004572,시리얼디스펜서
,,,,50004573,쌀통
,,,,50004574,아이스트레이
,,,,50004575,양념통/설탕프림기
,,,,50004576,플라스틱용기
,,,,50004577,항아리
,,,,50004578,보온/보냉병
,,,,50004579,아이스박스
,,,,50005257,기타보관용기
,,50000887,칼/커팅기구,50004756,강판
,,,,50004757,다지기
,,,,50004758,절구
,,,,50004759,주방가위
,,,,50004760,채칼/필러
,,,,50004761,칼
,,,,50004762,칼갈이
,,,,50004763,칼꽂이/블럭
,,,,50004764,칼세트
,,50000216,도마,,
,,50000888,교자상/밥상,50004765,교자상
,,,,50004766,다과상
,,,,50004767,다용도상
,,,,50004768,상커버
,,50000889,주방수납용품,50004769,식기건조대
,,,,50004770,싱크선반
,,,,50004771,주방정리소품
,,50000890,조리기구,50004772,계란찜기/계란틀
,,,,50004773,국자
,,,,50004774,김밥/주먹밥틀
,,,,50004775,달고나세트
,,,,50004776,뒤집개
,,,,50004777,믹싱볼
,,,,50004778,바구니
,,,,50004779,조리도구세트
,,,,50004780,주걱
,,,,50004781,집게
,,,,50004782,채반
,,,,50004783,퐁듀세트
,,,,50004784,기타조리기구
,,,,50004785,거품기
,,,,50004786,오프너
,,,,50004787,솔
,,,,50004788,깔때기
,,,,50004789,제면기
,,,,50004790,스퀴저
,,,,50004791,다시망
,,50000891,커피용품,50004792,커피분쇄기
,,,,50004793,커피추출기
,,,,50004794,스팀피쳐/밀크저그
,,,,50004795,드립포트
,,,,50004796,우유거품기
,,,,50004797,여과지
,,,,50004798,템퍼
,,50000892,와인용품,50004799,디캔터
,,,,50004800,스토퍼/세이버
,,,,50004801,와인랙
,,,,50004802,와인액세서리세트
,,,,50004803,와인오프너
,,,,50004804,와인쿨러
,,50000893,제과/제빵용품,50004805,계량스푼
,,,,50004806,계량컵
,,,,50004807,계량저울
,,,,50004808,쿠킹타이머
,,,,50004809,모양깍지/짤주머니
,,,,50004810,스패츌러/주걱
,,,,50004811,빵칼
,,,,50004812,와플팬
,,,,50004813,유산지/베이킹컵
,,,,50004814,제빵소도구
,,,,50004815,식힘망
,,,,50004816,돌림판
,,,,50004817,작업판/매트
,,,,50004818,밀대
,,,,50004819,쿠키팬
,,,,50004820,빵틀
,,,,50004821,쿠키커터/모양틀
,,,,50004822,핸드믹서기
,,50000894,주방잡화,50004823,야채탈수기
,,,,50004824,고무장갑
,,,,50004825,냄비받침
,,,,50004826,수세미
,,,,50004827,컵받침/홀더
,,,,50004828,쟁반
,,,,50004829,랩
,,,,50004830,롤백
,,,,50004831,지퍼백
,,,,50004832,비닐장갑
,,,,50004833,쓰레기봉투
,,,,50004834,일회용식기
,,,,50004835,일회용도시락
,,,,50004836,일회용젓가락
,,,,50004837,커피스틱
,,,,50004838,종이컵
,,,,50004839,종이컵디스펜서
,,,,50004840,쿠킹호일
,,,,50004841,일회용빨대
,,,,50004842,행주
,,,,50004843,기타주방잡화
,,50000895,제수용품,50004844,병풍
,,,,50004845,유기제기
,,,,50004846,제기
,,,,50004847,제기세트
,,,,50004848,제기함
,,,,50004849,휴대용제기
,,,,50004850,돗자리
,,,,50004851,향/향로
,,,,50004852,위패
50000066,의료용품,50002067,거즈/붕대/솜류,,
,,50002068,구급/응급용품,,
,,50002069,석션기/네블라이저,,
,,50002070,핀셋/포셉/겸자류,,
,,50005258,의료용가구,,
50000071,냉온/찜질용품,50001931,찜질기,,
,,50001932,찜질팩,,
50000068,재활운동용품,50001952,목보호대,,
,,50007229,상반신보조기,,
,,50007230,하반신보조기,,
,,50001959,자세교정용품,,
,,50001960,의료용압박스타킹,,
,,50001961,재활운동기구,,
,,50001962,기타재활운동용품,,
50000073,눈건강용품,50001944,기타렌즈용품,,
,,50001817,렌즈세정액,,
,,50001818,렌즈세척기,,
,,50001819,안대,,
50000067,실버용품,50002071,돋보기,,
,,50002072,보청기,,
,,50001945,보행보조용품,,
,,50001946,보행차/실버카,,
,,50000903,휠체어,50002314,스틸휠체어
,,,,50002315,알루미늄휠체어
,,,,50002316,전동휠체어
,,50001947,목욕보조용품,,
,,50001948,배변보조용품,,
,,50001949,욕창방지용품,,
,,50001950,장례용품/수의,,
50000069,물리치료/저주파용품,50001922,저주파안마기,,
,,50001923,저주파자극기,,
,,50001924,저주파패드,,
,,50001925,적외선조사기,,
,,50001926,디스크/관절용품,,
,,50001927,부항기,,
,,50001928,물리치료용품,,
50000072,구강위생용품,50001933,구강청정제/가글,,
,,50001935,치실/치간칫솔,,
,,50001936,치아미백제,,
,,50001937,치약,,
,,50001938,칫솔,,
,,50001939,칫솔치약세트,,
,,50001940,혀클리너,,
,,50001941,마우스피스,,
,,50001942,틀니관리용품,,
,,50001943,치석제거기,,
50000074,발건강용품,50001820,건강슬리퍼,,
,,50001821,다리/발마사지기,,
,,50001822,발지압/발매트,,
,,50001823,족욕/족탕기,,
,,50001824,발보호대/패드,,
,,50001825,발가락교정기,,
,,50001826,발냄새제거제,,
,,50001827,발각질제거기,,
50000078,생활용품,50000908,화장지,50002480,갑티슈
,,,,50002481,여행티슈
,,,,50002482,냅킨
,,,,50002483,롤화장지
,,,,50002484,물티슈
,,,,50002485,세정티슈
,,,,50002486,점보롤
,,,,50002487,키친타월
,,,,50002488,페이퍼타월
,,,,50002489,화장지세트
,,,,50002490,화장지케이스
,,50000909,생리대,50002491,일반생리대
,,,,50002492,체내형생리대
,,50000910,성인용기저귀,50002493,산모용
,,,,50002494,환자용
,,,,50002495,요실금용
,,,,50002496,위생매트
,,50000911,세제/세정제,50002497,일반주방세제
,,,,50002498,식기세척기전용세제
,,,,50006879,손소독제
,,,,50002499,베이킹소다/구연산
,,,,50002500,곰팡이제거제
,,,,50002501,살균소독제
,,,,50002502,배수구세정제
,,,,50002503,변기세정제
,,,,50002504,세탁조세정제
,,,,50002505,에어컨세정제
,,,,50002506,가습기세정제
,,,,50002507,유리세정제
,,,,50002508,광택제
,,,,50002509,세탁세제
,,,,50002510,빨래비누
,,,,50002671,울세제
,,,,50002672,홈드라이
,,,,50002673,세탁보조제
,,50000912,섬유유연제,50002674,일반섬유유연제
,,,,50002675,고농축섬유유연제
,,,,50002676,시트형섬유유연제
,,50000913,제습/방향/탈취,50002677,실내용방향제
,,,,50002678,차량용방향제
,,,,50002679,새집증후군/진드기
,,,,50002680,섬유탈취스프레이
,,,,50002681,실내탈취제
,,,,50002682,옷장탈취제
,,,,50002683,냉장/냉동고탈취제
,,,,50002684,신발/신발장탈취제
,,,,50002685,차량용탈취제
,,,,50002686,제습제
,,,,50002687,숯
,,50000914,해충퇴치용품,50002688,모기향
,,,,50002689,에어졸/스프레이
,,,,50002690,리퀴드
,,,,50002691,매트형
,,,,50002692,겔
,,,,50002693,아로마/로션
,,,,50002694,모기채/파리채
,,,,50002695,끈끈이
,,,,50006956,방충제
,,50000915,생활잡화,50002696,돗자리/매트
,,,,50002697,모기장
,,,,50002698,문풍지
,,,,50002699,단열시트
,,,,50007168,난방텐트
,,,,50002700,방풍막/방풍비닐
,,,,50002701,분무기
,,,,50002702,쇼핑백
,,,,50002703,핸드카트
,,,,50002704,신발관리도구
,,,,50002705,재떨이
,,,,50002706,호출벨
,,,,50006399,가죽클리너
,,50000916,보안용품,50002707,CCTV
,,,,50002708,모형카메라
,,,,50002709,자물쇠/열쇠
,,,,50002710,도어락/안전고리
,,,,50002711,경보기
,,,,50002712,호신용품
,,,,50002713,기타보안용품
,,50001780,생활선물세트,,
50000075,안마용품,50001828,안마의자,,
,,50001829,렌탈안마의자,,
,,50001830,안마기,,
,,50001832,쿠션안마기,,
,,50001833,안마매트,,
,,50001834,기타안마용품,,
50000076,수납/정리용품,50001835,바구니,,
,,50000904,선반/진열대,50002464,벽걸이선반/진열대
,,,,50002465,코너선반/진열대
,,,,50002466,이동식선반/진열대
,,,,50005260,스탠드선반/진열대
,,50000905,정리함,50002467,속옷정리함
,,,,50002468,부직포정리함
,,,,50002469,종이정리함
,,,,50002470,소품정리함
,,,,50002471,신발정리대
,,50000906,옷걸이,50002472,일반옷걸이
,,,,50002475,바지걸이
,,50001836,소품걸이,,
,,50001837,옷커버,,
,,50001838,압축팩,,
,,50001839,선풍기커버,,
,,50005381,마네킹,,
50000077,청소용품,50001840,밀대/패드,,
,,50001841,빗자루/쓰레받기,,
,,50001842,걸레,,
,,50001843,먼지떨이/먼지제거기,,
,,50001844,솔,,
,,50001845,유리닦이용품,,
,,50001846,테이프클리너,,
,,50001847,회전청소기,,
,,50001848,매직블럭,,
,,50000907,휴지통,50002476,압축휴지통
,,,,50002477,다용도휴지통
,,,,50002478,음식물쓰레기통
,,,,50002479,분리수거함
,,50001849,기타청소용품,,
50000079,원예/식물,50001782,공기정화식물,,
,,50001783,관엽식물,,
,,50001784,다육식물,,
,,50001785,수경식물,,
,,50001786,식용식물,,
,,50001787,넝쿨식물,,
,,50001788,허브식물,,
,,50001789,천연잔디,,
,,50001790,미니화분,,
,,50001791,분재,,
,,50001792,숯부작,,
,,50001793,토피어리,,
,,50001805,씨앗/모종,,
,,50001806,조화,,
,,50001807,보존화,,
,,50001808,금꽃,,
,,50001809,비누꽃,,
,,50001810,종이꽃,,
,,50006881,테라리엄,,
,,50006880,플라워소품만들기,,
50000081,블루레이,50000917,영화,50002714,국내영화
,,,,50002715,해외영화
,,50000918,드라마,50002716,국내TV드라마
,,,,50002717,해외TV드라마
,,50001689,유아/어린이,,
,,50001811,애니메이션,,
,,50001812,뮤직비디오,,
,,50001813,취미/스포츠,,
,,50001814,종교,,
,,50001815,교육,,
,,50001816,교양/다큐멘터리,,
50000080,정원/원예용품,50001794,물조리개,,
,,50001795,수반,,
,,50001796,원예부자재,,
,,50001797,자갈/모래/흙,,
,,50001798,정원데코,,
,,50001799,정원부자재,,
,,50001800,조경수/묘목,,
,,50001801,화분,,
,,50001802,화분대,,
,,50001803,화분받침,,
,,50001804,화분영양제/비료,,
50007264,공연/티켓,50007265,뮤지컬,,
,,50007266,콘서트,,
,,50007267,연극,,
,,50007268,전시/행사,,
,,50007269,클래식,,
,,50007270,오페라,,
,,50007271,발레/무용,,
,,50007272,국악/전통예술,,
,,50007273,스포츠,,
50007198,원데이클래스,50007199,수공예 클래스,50007201,가죽공예
,,,,50007202,플라워
,,,,50007203,드로잉
,,,,50007204,도자기
,,,,50007205,목공예
,,,,50007206,캔들/방향제/향수
,,,,50007207,비누
,,,,50007208,주얼리
,,,,50007209,뜨개질
,,,,50007210,자수
,,,,50007211,수예
,,,,50007212,기타 수공예
,,50007200,쿠킹 클래스,50007213,베이킹
,,,,50007214,기타 쿠킹
,,50007215,기타 클래스,,
50007319,예체능레슨,50007320,무예/무도,,
,,50007321,골프레슨,,
,,50007322,구기 스포츠,,
,,50007323,아웃도어스포츠,50007324,스키/보드
,,,,50007325,서핑/다이빙
,,,,50007326,기타
,,50007327,댄스/무용,,
,,50007328,보컬/악기,,
,,50007329,미술,,
,,50007330,피트니스/PT,,
,,50007331,필라테스/요가,,
,,50007332,기타,,
50007333,자기계발/취미 레슨,50007334,외국어,,
,,50007337,공예,,
,,50007338,뷰티,,
,,50007339,커피/요리,,
,,50007340,취업/자격증/기타,,
50007286,생활편의,50007287,e쿠폰,50007288,백화점/마트
,,,,50007289,패스트푸드
,,,,50007290,카페/베이커리
,,,,50007291,피자
,,,,50007292,아이스크림
,,,,50007293,쇼핑몰상품권
,,,,50007294,데이터/통화/문자
,,,,50007295,도서/문화상품권
,,,,50007296,게임/E머니
,,,,50007297,기타 푸드/음료
,,,,50007298,영화/공연관람권
,,,,50007299,헤어/뷰티/건강
,,,,50007300,주유
,,,,50007301,뷔페/레스토랑
,,,,50007302,치킨/배달음식
,,,,50007303,편의점상품
,,,,50007349,기타 e쿠폰
,,50007304,사진/영상 촬영,,
,,50007305,지류/카드 상품권,50007307,주유상품권
,,,,50007308,백화점/마트상품권
,,,,50007309,도서/문화상품권
,,,,50007310,영화상품권
,,,,50007311,외식상품권
,,,,50007312,기타상품권
,,,,50007313,기프트카드
,,50007314,온라인 콘텐츠,50007315,오디오북
,,,,50007316,VOD
,,,,50007317,e북
,,,,50007318,만화
,,,,50007351,기타 콘텐츠
,,50007343,꽃/케이크배달,50007344,꽃배달
,,,,50007345,케이크배달
50007274,액티비티,50007275,스키/보드 리프트권,,
,,50007276,스키/보드 시즌권,,
,,50007277,눈썰매장,,
,,50007278,워터파크,,
,,50007279,아쿠아리움,,
,,50007280,테마/놀이동산,,
,,50007281,래프팅,,
,,50007283,수상레저,,
,,50007285,체험,,
,,50007282,스파/찜질방,,
,,50007284,기타레저이용권,,
50007252,국내여행,50007253,국내패키지/기타,,
,,50007254,국내숙박,,
,,50007255,국내항공권,,
50007256,해외여행,50007257,해외패키지/기타,,
,,50007258,해외숙박,,
,,50007259,해외항공권,,
,,50007260,와이파이/USIM,,
50007342,홈케어서비스,50007346,가전/가구 설치,,
,,50007347,이사/청소,,
50007261,렌터카,50007262,장기렌터카,,
,,50007263,단기렌터카,,
50000013,화장품,50000793,스킨케어,50002886,스킨/토너
,,,,50002887,에센스
,,,,50002888,로션
,,,,50002889,크림
,,,,50002890,미스트
,,,,50002891,아이케어
,,,,50002892,립케어
,,,,50002893,마스크/팩
,,,,50002894,스페셜케어
,,,,50002895,페이스오일
,,50000794,메이크업,50002896,베이스메이크업
,,,,50002897,색조메이크업
,,,,50002899,메이크업도구
,,,,50002898,네일메이크업
,,50001657,클렌징,,
,,50001658,선케어,,
,,50001659,바디케어,,
,,50001660,헤어케어,,
,,50001661,남성화장품,,
,,50001662,아동화장품,,
50000014,향수,50001663,여성향수,,
,,50001664,남성향수,,
50000015,시계/기프트,50000795,시계,50002900,정장시계
,,,,50002901,캐주얼시계
,,,,50002902,아동시계
,,50001667,필기도구,,
,,50001668,라이터,,
,,50001670,크리스탈,,
,,50001671,수첩/다이어리,,
,,50001672,생활소품,,
50000017,패션/잡화,50000796,가방,50002903,핸드백
,,,,50002904,백팩
,,,,50002905,여행용가방
,,,,50002906,비지니스가방
,,,,50002907,소품/기타
,,50000797,지갑,50002908,장지갑
,,,,50002909,중/반지갑
,,,,50002910,카드/명함지갑
,,,,50002911,열쇠지갑
,,,,50002912,소품지갑
,,50001686,벨트,,
,,50001687,선글라스,,
,,50001688,안경,,
,,50001561,넥타이,,
,,50001562,스카프/머플러,,
,,50000798,의류,50002913,남성용
,,,,50002914,여성용
,,50000799,신발,50002916,남성용
,,,,50002917,여성용
,,50001564,모자,,
,,50001565,장갑,,
,,50001566,양말,,
,,50001567,우산/양산,,
,,50001568,패션소품,,
,,50001569,여행소품,,
,,50001563,언더웨어,,
50000019,식품/건강,50001612,건강식품,,
,,50001613,홍삼/인삼,,
,,50001614,기호식품,,
50000018,전자제품,50001570,노트북/주변기기,,
,,50000800,카메라/캠코더,50002919,카메라
,,,,50003078,캠코더
,,,,50003079,주변기기
,,50000801,가전제품,50003080,면도기
,,,,50003081,이미용가전
,,,,50003082,전동칫솔
,,,,50003083,기타 가전제품
,,50000802,MP3/이어폰/헤드폰,50003084,MP3/PMP
,,,,50003085,전자사전
,,,,50003086,이어폰
,,,,50003087,헤드폰
,,50001611,기타 전자제품,,
50000016,주얼리,50001673,귀걸이,,
,,50001674,목걸이,,
,,50001675,반지,,
,,50001676,팬던트,,
,,50001677,팔찌,,
,,50001678,발찌,,
,,50001679,헤어,,
,,50001680,넥타이핀,,
,,50001681,커프스,,
,,50001682,브로치,,
,,50001683,키홀더,,
,,50001684,휴대폰줄,,
,,50001685,장식소품,,
